,date,exchange_rate
0,2013-01-01,1.00700675299
1,2013-01-02,1.01546707504
2,2013-01-03,1.01385127292
3,2013-01-04,1.00891680236
4,2013-01-05,1.01300701001
5,2013-01-06,1.01325335387
6,2013-01-07,1.01305259887
7,2013-01-08,1.01449724785
8,2013-01-09,1.0126425192
9,2013-01-10,1.01431002475
10,2013-01-11,1.01638591118
11,2013-01-12,1.01620026462
12,2013-01-13,1.01598654834
13,2013-01-14,1.01615689463
14,2013-01-15,1.01407700502
15,2013-01-16,1.01335673943
16,2013-01-17,1.01326461002
17,2013-01-18,1.01000606428
18,2013-01-19,1.00869596793
19,2013-01-20,1.00815496552
20,2013-01-21,1.00702947846
21,2013-01-22,1.00664384941
22,2013-01-23,1.00816820451
23,2013-01-24,0.998130701361
24,2013-01-25,0.993802110234
25,2013-01-26,0.994009107106
26,2013-01-27,0.993801659049
27,2013-01-28,0.991299218404
28,2013-01-29,0.994300518135
29,2013-01-30,0.997642378251
30,2013-01-31,0.998011342712
31,2013-02-01,1.00051330938
32,2013-02-02,1.00276261099
33,2013-02-03,1.00325153824
34,2013-02-04,1.00318306314
35,2013-02-05,1.00192435793
36,2013-02-06,1.00177870007
37,2013-02-07,1.00430011862
38,2013-02-08,1.00097298106
39,2013-02-09,0.998138471744
40,2013-02-10,0.997614703245
41,2013-02-11,0.992366977916
42,2013-02-12,0.994523386619
43,2013-02-13,0.997188933274
44,2013-02-14,0.99880086937
45,2013-02-15,0.997380239521
46,2013-02-16,0.995540971985
47,2013-02-17,0.994857581165
48,2013-02-18,0.99352630404
49,2013-02-19,0.988521919431
50,2013-02-20,0.985479472249
51,2013-02-21,0.981320235172
52,2013-02-22,0.979788973102
53,2013-02-23,0.979310115201
54,2013-02-24,0.97890460575
55,2013-02-25,0.978091457139
56,2013-02-26,0.974586376509
57,2013-02-27,0.974914396308
58,2013-02-28,0.975336156303
59,2013-03-01,0.967477859641
60,2013-03-02,0.973128989221
61,2013-03-03,0.973774310273
62,2013-03-04,0.972122571001
63,2013-03-05,0.974213319381
64,2013-03-06,0.969555943378
65,2013-03-07,0.970591089974
66,2013-03-08,0.971789161099
67,2013-03-09,0.972008110433
68,2013-03-10,0.972214120439
69,2013-03-11,0.972823238751
70,2013-03-12,0.974686379928
71,2013-03-13,0.975721587492
72,2013-03-14,0.974245048573
73,2013-03-15,0.980077890953
74,2013-03-16,0.98052289325
75,2013-03-17,0.980864318017
76,2013-03-18,0.978654151843
77,2013-03-19,0.975800980023
78,2013-03-20,0.97543515937
79,2013-03-21,0.9772159564
80,2013-03-22,0.976544234105
81,2013-03-23,0.977467421011
82,2013-03-24,0.977670016816
83,2013-03-25,0.979998484734
84,2013-03-26,0.981530947111
85,2013-03-27,0.983364140481
86,2013-03-28,0.983411412334
87,2013-03-29,0.983539483203
88,2013-03-30,0.983027054869
89,2013-03-31,0.982868600295
90,2013-04-01,0.983396336255
91,2013-04-02,0.987236660003
92,2013-04-03,0.986010760953
93,2013-04-04,0.985090685521
94,2013-04-05,0.985533729252
95,2013-04-06,0.984335288222
96,2013-04-07,0.983574309043
97,2013-04-08,0.983313198429
98,2013-04-09,0.985340788877
99,2013-04-10,0.984650112867
100,2013-04-11,0.990711372904
101,2013-04-12,0.9882637995
102,2013-04-13,0.987043085414
103,2013-04-14,0.986681769477
104,2013-04-15,0.979850187266
105,2013-04-16,0.978972485273
106,2013-04-17,0.974756849061
107,2013-04-18,0.976276006586
108,2013-04-19,0.975600684371
109,2013-04-20,0.974306561658
110,2013-04-21,0.974048427735
111,2013-04-22,0.974728971963
112,2013-04-23,0.973033707865
113,2013-04-24,0.974597227426
114,2013-04-25,0.978017048004
115,2013-04-26,0.980612552806
116,2013-04-27,0.982774904253
117,2013-04-28,0.983197160527
118,2013-04-29,0.986459038592
119,2013-04-30,0.98932869144
120,2013-05-01,0.989822643579
121,2013-05-02,0.992924350772
122,2013-05-03,0.988765739275
123,2013-05-04,0.991194230455
124,2013-05-05,0.991692591163
125,2013-05-06,0.991677385186
126,2013-05-07,0.994838709677
127,2013-05-08,0.995830174375
128,2013-05-09,0.996436424293
129,2013-05-10,0.990467475025
130,2013-05-11,0.989774638207
131,2013-05-12,0.989605187109
132,2013-05-13,0.990910479682
133,2013-05-14,0.986319069697
134,2013-05-15,0.979517246631
135,2013-05-16,0.98097412481
136,2013-05-17,0.973449319213
137,2013-05-18,0.973449319213
138,2013-05-19,0.97491352517
139,2013-05-20,0.972827732365
140,2013-05-21,0.973811686346
141,2013-05-22,0.970559519339
142,2013-05-23,0.966189369518
143,2013-05-24,0.967836038597
144,2013-05-25,0.968996942819
145,2013-05-26,0.969142502716
146,2013-05-27,0.968705547653
147,2013-05-28,0.966748860495
148,2013-05-29,0.964120887301
149,2013-05-30,0.963597111591
150,2013-05-31,0.968140538931
151,2013-06-01,0.965141036057
152,2013-06-02,0.965141036057
153,2013-06-03,0.966778149387
154,2013-06-04,0.969059955588
155,2013-06-05,0.967281071878
156,2013-06-06,0.969620814547
157,2013-06-07,0.977299528302
158,2013-06-08,0.979499084162
159,2013-06-09,0.980458481994
160,2013-06-10,0.981716833891
161,2013-06-11,0.976386641165
162,2013-06-12,0.984283490251
163,2013-06-13,0.983309947567
164,2013-06-14,0.983658680864
165,2013-06-15,0.983100502362
166,2013-06-16,0.983105334822
167,2013-06-17,0.984425745497
168,2013-06-18,0.980858085809
169,2013-06-19,0.98047246398
170,2013-06-20,0.966962127317
171,2013-06-21,0.961692812842
172,2013-06-22,0.95706968233
173,2013-06-23,0.956164632423
174,2013-06-24,0.948467058056
175,2013-06-25,0.953812636166
176,2013-06-26,0.954209099568
177,2013-06-27,0.958305757776
178,2013-06-28,0.953769870206
179,2013-06-29,0.951470259412
180,2013-06-30,0.951079332377
181,2013-07-01,0.950634388216
182,2013-07-02,0.946277987787
183,2013-07-03,0.948404566745
184,2013-07-04,0.948429510592
185,2013-07-05,0.95049431902
186,2013-07-06,0.945918974474
187,2013-07-07,0.945327012246
188,2013-07-08,0.947151175647
189,2013-07-09,0.94829620888
190,2013-07-10,0.950871985158
191,2013-07-11,0.961096374889
192,2013-07-12,0.962842579597
193,2013-07-13,0.96215738778
194,2013-07-14,0.961822384103
195,2013-07-15,0.959021226415
196,2013-07-16,0.960533059969
197,2013-07-17,0.961921499707
198,2013-07-18,0.959897360704
199,2013-07-19,0.963651050081
200,2013-07-20,0.963651050081
201,2013-07-21,0.964588974169
202,2013-07-22,0.966808635629
203,2013-07-23,0.967694566814
204,2013-07-24,0.973684210526
205,2013-07-25,0.971235194585
206,2013-07-26,0.972283326001
207,2013-07-27,0.972751290838
208,2013-07-28,0.972769269832
209,2013-07-29,0.973159284248
210,2013-07-30,0.974686330619
211,2013-07-31,0.971175652937
212,2013-08-01,0.971093176816
213,2013-08-02,0.961336828309
214,2013-08-03,0.962743742648
215,2013-08-04,0.962412961777
216,2013-08-05,0.961906835002
217,2013-08-06,0.963855421687
218,2013-08-07,0.959402942025
219,2013-08-08,0.960529153785
220,2013-08-09,0.971733759628
221,2013-08-10,0.9717105896
222,2013-08-11,0.972081810406
223,2013-08-12,0.969838603666
224,2013-08-13,0.969012030623
225,2013-08-14,0.969086151759
226,2013-08-15,0.967211529161
227,2013-08-16,0.968702345509
228,2013-08-17,0.967815302128
229,2013-08-18,0.967580255946
230,2013-08-19,0.967938488321
231,2013-08-20,0.963661221846
232,2013-08-21,0.958327366461
233,2013-08-22,0.952731693364
234,2013-08-23,0.946223607765
235,2013-08-24,0.951924028846
236,2013-08-25,0.952456241779
237,2013-08-26,0.950014220705
238,2013-08-27,0.95
239,2013-08-28,0.953289050782
240,2013-08-29,0.952811893988
241,2013-08-30,0.949698622273
242,2013-08-31,0.949205183041
243,2013-09-01,0.949139415295
244,2013-09-02,0.949665636011
245,2013-09-03,0.950086555107
246,2013-09-04,0.953453018677
247,2013-09-05,0.954108549541
248,2013-09-06,0.958704867709
249,2013-09-07,0.96004669667
250,2013-09-08,0.960728308917
251,2013-09-09,0.963135995328
252,2013-09-10,0.967553346975
253,2013-09-11,0.967337416156
254,2013-09-12,0.969012030623
255,2013-09-13,0.967683237499
256,2013-09-14,0.966382453589
257,2013-09-15,0.966126634081
258,2013-09-16,0.970782760375
259,2013-09-17,0.969652969363
260,2013-09-18,0.970207818631
261,2013-09-19,0.979463446381
262,2013-09-20,0.972370125198
263,2013-09-21,0.971042540407
264,2013-09-22,0.970697552974
265,2013-09-23,0.971169746207
266,2013-09-24,0.972288374107
267,2013-09-25,0.96983625395
268,2013-09-26,0.970522683155
269,2013-09-27,0.969213145271
270,2013-09-28,0.970125941753
271,2013-09-29,0.970253954268
272,2013-09-30,0.970744680851
273,2013-10-01,0.967773153973
274,2013-10-02,0.966185301687
275,2013-10-03,0.967337934961
276,2013-10-04,0.968024497935
277,2013-10-05,0.970723936794
278,2013-10-06,0.971149102468
279,2013-10-07,0.968736616702
280,2013-10-08,0.970130055738
281,2013-10-09,0.963361608098
282,2013-10-10,0.962926065609
283,2013-10-11,0.962537249894
284,2013-10-12,0.965420566161
285,2013-10-13,0.9660062404
286,2013-10-14,0.966028060679
287,2013-10-15,0.965509838998
288,2013-10-16,0.964029288405
289,2013-10-17,0.971071149335
290,2013-10-18,0.97125416992
291,2013-10-19,0.971779522659
292,2013-10-20,0.971873022844
293,2013-10-21,0.971426540621
294,2013-10-22,0.970888952002
295,2013-10-23,0.969201494115
296,2013-10-24,0.961484886474
297,2013-10-25,0.958066759388
298,2013-10-26,0.957092582436
299,2013-10-27,0.956887436548
300,2013-10-28,0.957488191164
301,2013-10-29,0.957507476181
302,2013-10-30,0.957602339181
303,2013-10-31,0.957195986247
304,2013-11-01,0.959025706576
305,2013-11-02,0.959176489428
306,2013-11-03,0.959366971296
307,2013-11-04,0.961417995444
308,2013-11-05,0.958857386485
309,2013-11-06,0.957837301587
310,2013-11-07,0.957762666411
311,2013-11-08,0.956487679818
312,2013-11-09,0.954546409092
313,2013-11-10,0.954344174684
314,2013-11-11,0.954940824184
315,2013-11-12,0.952826842591
316,2013-11-13,0.95337929074
317,2013-11-14,0.952502481214
318,2013-11-15,0.955626553071
319,2013-11-16,0.957460966711
320,2013-11-17,0.957945245763
321,2013-11-18,0.959946026561
322,2013-11-19,0.95813227363
323,2013-11-20,0.956309650053
324,2013-11-21,0.954851513219
325,2013-11-22,0.948698154256
326,2013-11-23,0.95050438515
327,2013-11-24,0.950855960539
328,2013-11-25,0.946889013453
329,2013-11-26,0.950133258522
330,2013-11-27,0.945348352107
331,2013-11-28,0.945464663328
332,2013-11-29,0.945602334306
333,2013-11-30,0.942452884427
334,2013-12-01,0.942071993144
335,2013-12-02,0.940849377911
336,2013-12-03,0.938679571379
337,2013-12-04,0.938414802541
338,2013-12-05,0.938358528336
339,2013-12-06,0.939029419852
340,2013-12-07,0.939590883339
341,2013-12-08,0.93986817409
342,2013-12-09,0.939761300625
343,2013-12-10,0.941522870446
344,2013-12-11,0.944173924971
345,2013-12-12,0.945370942283
346,2013-12-13,0.938534117325
347,2013-12-14,0.943815601085
348,2013-12-15,0.944695628514
349,2013-12-16,0.944920776459
350,2013-12-17,0.944494057842
351,2013-12-18,0.940359756515
352,2013-12-19,0.932901023891
353,2013-12-20,0.935273972603
354,2013-12-21,0.939421410357
355,2013-12-22,0.940062551763
356,2013-12-23,0.943404020931
357,2013-12-24,0.942489152145
358,2013-12-25,0.941844848016
359,2013-12-26,0.941657713075
360,2013-12-27,0.937750322449
361,2013-12-28,0.934839796504
362,2013-12-29,0.933977154924
363,2013-12-30,0.933554592251
364,2013-12-31,0.940017722037
365,2014-01-01,0.940257893935
366,2014-01-02,0.940633608815
367,2014-01-03,0.942355543268
368,2014-01-04,0.940127067576
369,2014-01-05,0.940236676377
370,2014-01-06,0.93832781457
371,2014-01-07,0.935275968461
372,2014-01-08,0.925265450585
373,2014-01-09,0.920974289581
374,2014-01-10,0.91946944576
375,2014-01-11,0.918334361868
376,2014-01-12,0.917901090653
377,2014-01-13,0.916560381285
378,2014-01-14,0.918296042465
379,2014-01-15,0.912848037571
380,2014-01-16,0.915561241667
381,2014-01-17,0.911677852349
382,2014-01-18,0.912359644874
383,2014-01-19,0.91209751417
384,2014-01-20,0.914274160938
385,2014-01-21,0.909188680514
386,2014-01-22,0.911938693197
387,2014-01-23,0.897361668531
388,2014-01-24,0.903969354732
389,2014-01-25,0.901959687812
390,2014-01-26,0.902074410314
391,2014-01-27,0.905702917772
392,2014-01-28,0.897370151216
393,2014-01-29,0.896856257826
394,2014-01-30,0.894438587243
395,2014-01-31,0.893265481462
396,2014-02-01,0.897928837344
397,2014-02-02,0.898558980964
398,2014-02-03,0.902876254181
399,2014-02-04,0.903072812291
400,2014-02-05,0.904313568376
401,2014-02-06,0.90418760469
402,2014-02-07,0.903427620632
403,2014-02-08,0.906024428228
404,2014-02-09,0.906384938056
405,2014-02-10,0.905397331209
406,2014-02-11,0.906115417743
407,2014-02-12,0.909109176155
408,2014-02-13,0.908819033694
409,2014-02-14,0.912765532397
410,2014-02-15,0.910950905211
411,2014-02-16,0.910687924547
412,2014-02-17,0.912354312354
413,2014-02-18,0.911813533435
414,2014-02-19,0.91322835692
415,2014-02-20,0.902363552571
416,2014-02-21,0.89564819655
417,2014-02-22,0.899577468466
418,2014-02-23,0.899898041555
419,2014-02-24,0.901069343305
420,2014-02-25,0.902908159916
421,2014-02-26,0.901247537754
422,2014-02-27,0.898421052632
423,2014-02-28,0.899459529856
424,2014-03-01,0.903023412693
425,2014-03-02,0.903739130279
426,2014-03-03,0.901165073963
427,2014-03-04,0.90317501968
428,2014-03-05,0.904015799868
429,2014-03-06,0.906542672471
430,2014-03-07,0.910425267021
431,2014-03-08,0.910425267021
432,2014-03-09,0.910425267021
433,2014-03-10,0.900252934691
434,2014-03-11,0.899935022742
435,2014-03-12,0.89796314258
436,2014-03-13,0.903681617838
437,2014-03-14,0.901968427207
438,2014-03-15,0.900815688602
439,2014-03-16,0.900585290382
440,2014-03-17,0.903397648282
441,2014-03-18,0.905372842722
442,2014-03-19,0.895014474107
443,2014-03-20,0.88747017476
444,2014-03-21,0.892776158082
445,2014-03-22,0.891124224496
446,2014-03-23,0.891221115523
447,2014-03-24,0.891636457794
448,2014-03-25,0.894634399533
449,2014-03-26,0.895635796857
450,2014-03-27,0.901454593107
451,2014-03-28,0.905972213077
452,2014-03-29,0.904559068163
453,2014-03-30,0.904083110555
454,2014-03-31,0.905615763547
455,2014-04-01,0.90479627321
456,2014-04-02,0.908103482325
457,2014-04-03,0.907658845241
458,2014-04-04,0.907284768212
459,2014-04-05,0.910174016173
460,2014-04-06,0.910692900697
461,2014-04-07,0.909771943781
462,2014-04-08,0.914911989372
463,2014-04-09,0.914600185652
464,2014-04-10,0.917250959122
465,2014-04-11,0.91167192429
466,2014-04-12,0.911287111029
467,2014-04-13,0.910763401887
468,2014-04-14,0.911890786784
469,2014-04-15,0.909827961242
470,2014-04-16,0.910526315789
471,2014-04-17,0.908345899167
472,2014-04-18,0.907918868367
473,2014-04-19,0.907355385701
474,2014-04-20,0.907138088188
475,2014-04-21,0.907441016334
476,2014-04-22,0.907937968196
477,2014-04-23,0.907207029969
478,2014-04-24,0.907002690818
479,2014-04-25,0.907605485924
480,2014-04-26,0.906076967613
481,2014-04-27,0.905899671611
482,2014-04-28,0.907133507853
483,2014-04-29,0.911584360783
484,2014-04-30,0.911724047133
485,2014-05-01,0.910754277584
486,2014-05-02,0.911973684211
487,2014-05-03,0.911351059717
488,2014-05-04,0.911250572951
489,2014-05-05,0.91024799895
490,2014-05-06,0.915506827731
491,2014-05-07,0.918425217621
492,2014-05-08,0.919472817133
493,2014-05-09,0.923350083752
494,2014-05-10,0.918412799005
495,2014-05-11,0.91762145179
496,2014-05-12,0.919137286325
497,2014-05-13,0.917509206562
498,2014-05-14,0.917168070598
499,2014-05-15,0.920107780397
500,2014-05-16,0.919379740887
501,2014-05-17,0.920398422071
502,2014-05-18,0.920639070822
503,2014-05-19,0.920222758991
504,2014-05-20,0.918303062797
505,2014-05-21,0.917359806815
506,2014-05-22,0.916392893061
507,2014-05-23,0.917350922062
508,2014-05-24,0.920098634573
509,2014-05-25,0.920473823106
510,2014-05-26,0.920537402106
511,2014-05-27,0.920343055478
512,2014-05-28,0.920641363913
513,2014-05-29,0.921348314607
514,2014-05-30,0.922821295354
515,2014-05-31,0.922128974493
516,2014-06-01,0.922007394497
517,2014-06-02,0.920532936562
518,2014-06-03,0.916509940892
519,2014-06-04,0.914993621164
520,2014-06-05,0.914095135426
521,2014-06-06,0.915447590927
522,2014-06-07,0.914910572065
523,2014-06-08,0.914827710496
524,2014-06-09,0.915685350919
525,2014-06-10,0.916328463203
526,2014-06-11,0.918502949352
527,2014-06-12,0.920898570456
528,2014-06-13,0.921746237145
529,2014-06-14,0.921142806611
530,2014-06-15,0.921152988775
531,2014-06-16,0.919043738115
532,2014-06-17,0.92036358703
533,2014-06-18,0.920024420024
534,2014-06-19,0.923452437453
535,2014-06-20,0.924731182796
536,2014-06-21,0.928862162429
537,2014-06-22,0.929546855206
538,2014-06-23,0.931615732493
539,2014-06-24,0.931782415327
540,2014-06-25,0.931258549932
541,2014-06-26,0.93338821431
542,2014-06-27,0.935696619951
543,2014-06-28,0.937331866097
544,2014-06-29,0.937623649116
545,2014-06-30,0.936184796765
546,2014-07-01,0.938369781312
547,2014-07-02,0.939525283798
548,2014-07-03,0.93916035788
549,2014-07-04,0.940280949415
550,2014-07-05,0.938923055262
551,2014-07-06,0.938923055262
552,2014-07-07,0.939582469238
553,2014-07-08,0.936655638269
554,2014-07-09,0.937749896595
555,2014-07-10,0.937237340682
556,2014-07-11,0.939789852067
557,2014-07-12,0.932801014892
558,2014-07-13,0.931679044027
559,2014-07-14,0.932143101443
560,2014-07-15,0.931695298063
561,2014-07-16,0.929140346059
562,2014-07-17,0.930384536012
563,2014-07-18,0.930640611023
564,2014-07-19,0.930640611023
565,2014-07-20,0.926746267996
566,2014-07-21,0.930735334619
567,2014-07-22,0.929595917804
568,2014-07-23,0.932737600442
569,2014-07-24,0.932382863866
570,2014-07-25,0.928689883914
571,2014-07-26,0.925512016386
572,2014-07-27,0.924699842429
573,2014-07-28,0.925137741047
574,2014-07-29,0.92428935233
575,2014-07-30,0.919640406259
576,2014-07-31,0.915742642026
577,2014-08-01,0.915271609156
578,2014-08-02,0.915969003606
579,2014-08-03,0.915979071707
580,2014-08-04,0.915552523874
581,2014-08-05,0.913135448652
582,2014-08-06,0.911356962371
583,2014-08-07,0.914676702018
584,2014-08-08,0.916107841796
585,2014-08-09,0.911783156086
586,2014-08-10,0.911341923641
587,2014-08-11,0.912910045693
588,2014-08-12,0.913233885315
589,2014-08-13,0.915507435073
590,2014-08-14,0.918159972537
591,2014-08-15,0.917426163229
592,2014-08-16,0.917657660462
593,2014-08-17,0.917600401541
594,2014-08-18,0.919225221512
595,2014-08-19,0.916666666667
596,2014-08-20,0.913052443467
597,2014-08-21,0.912104539202
598,2014-08-22,0.912636720094
599,2014-08-23,0.913733505964
600,2014-08-24,0.913752709274
601,2014-08-25,0.913052500519
602,2014-08-26,0.911994469409
603,2014-08-27,0.916852212636
604,2014-08-28,0.922183344997
605,2014-08-29,0.921335755205
606,2014-08-30,0.919685688215
607,2014-08-31,0.919316212597
608,2014-09-01,0.920580400953
609,2014-09-02,0.91668414063
610,2014-09-03,0.917340959821
611,2014-09-04,0.919138418079
612,2014-09-05,0.919275825346
613,2014-09-06,0.918974057363
614,2014-09-07,0.918970679326
615,2014-09-08,0.916991288335
616,2014-09-09,0.910965190991
617,2014-09-10,0.909660170267
618,2014-09-11,0.9081202585
619,2014-09-12,0.904265734266
620,2014-09-13,0.90207766528
621,2014-09-14,0.901537662638
622,2014-09-15,0.902047090058
623,2014-09-16,0.905714485556
624,2014-09-17,0.91123927416
625,2014-09-18,0.909103750265
626,2014-09-19,0.910907931108
627,2014-09-20,0.912581949864
628,2014-09-21,0.912433734503
629,2014-09-22,0.90873717722
630,2014-09-23,0.908847373987
631,2014-09-24,0.902794397128
632,2014-09-25,0.899264289757
633,2014-09-26,0.899915182358
634,2014-09-27,0.896902815204
635,2014-09-28,0.896418806872
636,2014-09-29,0.896203782106
637,2014-09-30,0.895077535923
638,2014-10-01,0.891364311479
639,2014-10-02,0.897917110969
640,2014-10-03,0.89424440034
641,2014-10-04,0.889836465856
642,2014-10-05,0.889118083775
643,2014-10-06,0.892527347635
644,2014-10-07,0.897039988615
645,2014-10-08,0.894841129432
646,2014-10-09,0.900070521862
647,2014-10-10,0.893081761006
648,2014-10-11,0.892956803216
649,2014-10-12,0.892900990677
650,2014-10-13,0.891882386044
651,2014-10-14,0.889123251072
652,2014-10-15,0.879278028462
653,2014-10-16,0.882528035442
654,2014-10-17,0.889497780244
655,2014-10-18,0.887133547313
656,2014-10-19,0.886704836354
657,2014-10-20,0.888185800709
658,2014-10-21,0.888966285874
659,2014-10-22,0.891237185789
660,2014-10-23,0.891680743243
661,2014-10-24,0.8920442534
662,2014-10-25,0.890287233369
663,2014-10-26,0.890287233369
664,2014-10-27,0.889068087792
665,2014-10-28,0.892279694827
666,2014-10-29,0.897477452086
667,2014-10-30,0.89512576382
668,2014-10-31,0.886968838527
669,2014-11-01,0.888435589308
670,2014-11-02,0.887812465598
671,2014-11-03,0.886028368794
672,2014-11-04,0.87596248075
673,2014-11-05,0.873888383166
674,2014-11-06,0.876479238149
675,2014-11-07,0.874717673631
676,2014-11-08,0.874717673631
677,2014-11-09,0.874717673631
678,2014-11-10,0.884027187766
679,2014-11-11,0.878021201413
680,2014-11-12,0.884862013197
681,2014-11-13,0.882715611934
682,2014-11-14,0.87855881314
683,2014-11-15,0.884868048476
684,2014-11-16,0.885902021008
685,2014-11-17,0.884171796505
686,2014-11-18,0.885633404105
687,2014-11-19,0.881133136511
688,2014-11-20,0.883028169014
689,2014-11-21,0.888110388218
690,2014-11-22,0.889457350962
691,2014-11-23,0.89022779149
692,2014-11-24,0.888904806246
693,2014-11-25,0.887238448904
694,2014-11-26,0.887458205876
695,2014-11-27,0.888952204573
696,2014-11-28,0.877416180502
697,2014-11-29,0.876450306146
698,2014-11-30,0.875863820693
699,2014-12-01,0.877295433758
700,2014-12-02,0.879575221239
701,2014-12-03,0.878651845518
702,2014-12-04,0.879482783255
703,2014-12-05,0.877671281505
704,2014-12-06,0.875939773883
705,2014-12-07,0.875513379154
706,2014-12-08,0.873886076852
707,2014-12-09,0.873146971622
708,2014-12-10,0.873537290286
709,2014-12-11,0.87024718157
710,2014-12-12,0.863563848235
711,2014-12-13,0.86400403663
712,2014-12-14,0.863544435407
713,2014-12-15,0.862497397099
714,2014-12-16,0.857993430057
715,2014-12-17,0.859549785941
716,2014-12-18,0.862226277372
717,2014-12-19,0.862349884121
718,2014-12-20,0.862005801305
719,2014-12-21,0.861860187323
720,2014-12-22,0.859858315214
721,2014-12-23,0.859283754309
722,2014-12-24,0.862680033889
723,2014-12-25,0.860327543906
724,2014-12-26,0.861147685968
725,2014-12-27,0.861147685968
726,2014-12-28,0.861147685968
727,2014-12-29,0.859973207361
728,2014-12-30,0.860458533824
729,2014-12-31,0.861278223014
730,2015-01-01,0.860936388854
731,2015-01-02,0.858859348897
732,2015-01-03,0.85017386055
733,2015-01-04,0.848536274925
734,2015-01-05,0.847261608119
735,2015-01-06,0.850892203019
736,2015-01-07,0.845907752071
737,2015-01-08,0.845344266453
738,2015-01-09,0.845851226611
739,2015-01-10,0.843085016696
740,2015-01-11,0.842699233059
741,2015-01-12,0.844110514322
742,2015-01-13,0.837098883139
743,2015-01-14,0.834537153179
744,2015-01-15,0.835463765939
745,2015-01-16,0.835963134028
746,2015-01-17,0.834831159571
747,2015-01-18,0.834771226768
748,2015-01-19,0.835613862832
749,2015-01-20,0.835194424908
750,2015-01-21,0.82854297404
751,2015-01-22,0.811293201366
752,2015-01-23,0.807058859612
753,2015-01-24,0.805259309606
754,2015-01-25,0.804983167801
755,2015-01-26,0.802626882718
756,2015-01-27,0.802697905573
757,2015-01-28,0.805110007097
758,2015-01-29,0.79801114324
759,2015-01-30,0.789289953222
760,2015-01-31,0.786333523366
761,2015-02-01,0.785481166129
762,2015-02-02,0.789143176109
763,2015-02-03,0.794635373009
764,2015-02-04,0.803059005122
765,2015-02-05,0.798460461861
766,2015-02-06,0.803523796153
767,2015-02-07,0.799109472402
768,2015-02-08,0.798308225208
769,2015-02-09,0.799985809564
770,2015-02-10,0.801888131743
771,2015-02-11,0.79296327446
772,2015-02-12,0.796176553275
773,2015-02-13,0.799508254303
774,2015-02-14,0.802761499564
775,2015-02-15,0.80330576388
776,2015-02-16,0.803040968605
777,2015-02-17,0.80814159292
778,2015-02-18,0.803220793897
779,2015-02-19,0.798695377709
780,2015-02-20,0.802813898955
781,2015-02-21,0.798463118188
782,2015-02-22,0.797918390502
783,2015-02-23,0.792508417508
784,2015-02-24,0.790950984499
785,2015-02-25,0.803768773024
786,2015-02-26,0.801941609977
787,2015-02-27,0.803143979993
788,2015-02-28,0.799502389714
789,2015-03-01,0.799373291344
790,2015-03-02,0.800499108734
791,2015-03-03,0.798798369215
792,2015-03-04,0.799023128861
793,2015-03-05,0.803848946986
794,2015-03-06,0.802209863896
795,2015-03-07,0.793466281252
796,2015-03-08,0.792159521912
797,2015-03-09,0.793776789966
798,2015-03-10,0.791577614185
799,2015-03-11,0.783514847609
800,2015-03-12,0.787897888434
801,2015-03-13,0.785321646115
802,2015-03-14,0.782791120018
803,2015-03-15,0.78226511121
804,2015-03-16,0.78240569184
805,2015-03-17,0.782848730217
806,2015-03-18,0.779798277258
807,2015-03-19,0.786345558992
808,2015-03-20,0.789161479312
809,2015-03-21,0.794726828547
810,2015-03-22,0.796045247214
811,2015-03-23,0.798419550743
812,2015-03-24,0.802256575573
813,2015-03-25,0.801181533076
814,2015-03-26,0.80370614517
815,2015-03-27,0.79941089838
816,2015-03-28,0.794470485422
817,2015-03-29,0.792908228803
818,2015-03-30,0.791086147786
819,2015-03-31,0.783156209055
820,2015-04-01,0.788952464789
821,2015-04-02,0.790915066092
822,2015-04-03,0.798551746553
823,2015-04-04,0.800391871858
824,2015-04-05,0.800904701949
825,2015-04-06,0.801763237712
826,2015-04-07,0.799749317997
827,2015-04-08,0.805368132276
828,2015-04-09,0.798488104943
829,2015-04-10,0.789630957717
830,2015-04-11,0.795339944199
831,2015-04-12,0.795667115155
832,2015-04-13,0.791954368058
833,2015-04-14,0.79476376768
834,2015-04-15,0.79679144385
835,2015-04-16,0.812670713202
836,2015-04-17,0.820298869757
837,2015-04-18,0.817354729499
838,2015-04-19,0.816673200052
839,2015-04-20,0.816182067286
840,2015-04-21,0.817730225449
841,2015-04-22,0.816833941606
842,2015-04-23,0.817919514047
843,2015-04-24,0.825125781369
844,2015-04-25,0.821630575174
845,2015-04-26,0.821189312056
846,2015-04-27,0.822652983656
847,2015-04-28,0.82855626327
848,2015-04-29,0.829588297391
849,2015-04-30,0.831973293769
850,2015-05-01,0.826180674148
851,2015-05-02,0.82302088168
852,2015-05-03,0.822428615249
853,2015-05-04,0.825340438129
854,2015-05-05,0.827157738095
855,2015-05-06,0.832653666494
856,2015-05-07,0.828508611213
857,2015-05-08,0.826227818276
858,2015-05-09,0.827962615832
859,2015-05-10,0.828295913684
860,2015-05-11,0.825516781507
861,2015-05-12,0.830549807863
862,2015-05-13,0.835144388211
863,2015-05-14,0.836863319897
864,2015-05-15,0.830742153124
865,2015-05-16,0.832406587333
866,2015-05-17,0.832339381386
867,2015-05-18,0.82931624554
868,2015-05-19,0.82097224262
869,2015-05-20,0.818824569156
870,2015-05-21,0.818602941176
871,2015-05-22,0.819676945668
872,2015-05-23,0.815037772928
873,2015-05-24,0.814318321919
874,2015-05-25,0.813426200356
875,2015-05-26,0.808136094675
876,2015-05-27,0.802823146848
877,2015-05-28,0.801530086803
878,2015-05-29,0.803663003663
879,2015-05-30,0.803070298366
880,2015-05-31,0.802963255594
881,2015-06-01,0.800409566299
882,2015-06-02,0.800130586187
883,2015-06-03,0.803550808314
884,2015-06-04,0.803250763007
885,2015-06-05,0.799971475433
886,2015-06-06,0.803043857437
887,2015-06-07,0.803810705794
888,2015-06-08,0.804236616471
889,2015-06-09,0.809921520628
890,2015-06-10,0.817259618868
891,2015-06-11,0.811619336657
892,2015-06-12,0.812807881773
893,2015-06-13,0.812039624284
894,2015-06-14,0.811909741617
895,2015-06-15,0.810256410256
896,2015-06-16,0.810156757928
897,2015-06-17,0.81219845899
898,2015-06-18,0.822384077306
899,2015-06-19,0.814929679048
900,2015-06-20,0.815496388575
901,2015-06-21,0.815136099201
902,2015-06-22,0.817422004467
903,2015-06-23,0.810415913201
904,2015-06-24,0.812948597114
905,2015-06-25,0.807465052601
906,2015-06-26,0.808750270739
907,2015-06-27,0.811356393163
908,2015-06-28,0.811667229425
909,2015-06-29,0.808144599303
910,2015-06-30,0.808512175735
911,2015-07-01,0.798446266724
912,2015-07-02,0.792523096756
913,2015-07-03,0.79478547382
914,2015-07-04,0.795529759176
915,2015-07-05,0.795398144491
916,2015-07-06,0.791145608739
917,2015-07-07,0.784991023339
918,2015-07-08,0.784738041002
919,2015-07-09,0.788332620168
920,2015-07-10,0.787010976639
921,2015-07-11,0.789313328977
922,2015-07-12,0.790039185941
923,2015-07-13,0.786125933831
924,2015-07-14,0.783674339301
925,2015-07-15,0.784675694939
926,2015-07-16,0.772352523099
927,2015-07-17,0.770520803849
928,2015-07-18,0.770882236173
929,2015-07-19,0.770889961627
930,2015-07-20,0.770136966858
931,2015-07-21,0.769726590169
932,2015-07-22,0.769534834474
933,2015-07-23,0.770723845561
934,2015-07-24,0.763896648045
935,2015-07-25,0.766425651353
936,2015-07-26,0.76644033684
937,2015-07-27,0.76743701853
938,2015-07-28,0.768399776972
939,2015-07-29,0.771922457835
940,2015-07-30,0.770393811533
941,2015-07-31,0.766387141859
942,2015-08-01,0.764669807926
943,2015-08-02,0.763937855182
944,2015-08-03,0.760274923632
945,2015-08-04,0.761590782898
946,2015-08-05,0.759243756104
947,2015-08-06,0.75943626596
948,2015-08-07,0.764409976944
949,2015-08-08,0.761592001456
950,2015-08-09,0.761423832105
951,2015-08-10,0.761534185659
952,2015-08-11,0.764840182648
953,2015-08-12,0.77106518283
954,2015-08-13,0.768523002421
955,2015-08-14,0.76665980372
956,2015-08-15,0.764268316264
957,2015-08-16,0.76392268186
958,2015-08-17,0.761264659488
959,2015-08-18,0.763074375604
960,2015-08-19,0.765089044418
961,2015-08-20,0.761836637373
962,2015-08-21,0.762899844458
963,2015-08-22,0.759151572207
964,2015-08-23,0.758278313928
965,2015-08-24,0.754594381727
966,2015-08-25,0.757921085567
967,2015-08-26,0.753851239669
968,2015-08-27,0.756097560976
969,2015-08-28,0.75351076635
970,2015-08-29,0.757359451128
971,2015-08-30,0.757506893314
972,2015-08-31,0.754558299132
973,2015-09-01,0.756327409801
974,2015-09-02,0.754407131845
975,2015-09-03,0.753978379104
976,2015-09-04,0.755836047774
977,2015-09-05,0.753625503895
978,2015-09-06,0.752998439789
979,2015-09-07,0.753006350493
980,2015-09-08,0.756386799485
981,2015-09-09,0.754828217117
982,2015-09-10,0.754621508568
983,2015-09-11,0.753964536634
984,2015-09-12,0.754108003347
985,2015-09-13,0.75389935594
986,2015-09-14,0.754521791364
987,2015-09-15,0.755472504004
988,2015-09-16,0.754722054178
989,2015-09-17,0.757922948074
990,2015-09-18,0.767612261361
991,2015-09-19,0.757124924097
992,2015-09-20,0.756108791955
993,2015-09-21,0.75854628818
994,2015-09-22,0.753512564172
995,2015-09-23,0.753887762001
996,2015-09-24,0.747456612807
997,2015-09-25,0.75116200741
998,2015-09-26,0.74988320569
999,2015-09-27,0.749857339642
1000,2015-09-28,0.748609342537
1001,2015-09-29,0.746933333333
1002,2015-09-30,0.745177597446
1003,2015-10-01,0.753632002162
1004,2015-10-02,0.755329949239
1005,2015-10-03,0.759443874439
1006,2015-10-04,0.760288605558
1007,2015-10-05,0.762538174415
1008,2015-10-06,0.763485477178
1009,2015-10-07,0.769062734658
1010,2015-10-08,0.766464618947
1011,2015-10-09,0.773030344265
1012,2015-10-10,0.772207927792
1013,2015-10-11,0.772431010324
1014,2015-10-12,0.773568222011
1015,2015-10-13,0.766442048518
1016,2015-10-14,0.770113390929
1017,2015-10-15,0.775210084034
1018,2015-10-16,0.773578481444
1019,2015-10-17,0.774532143856
1020,2015-10-18,0.77432823154
1021,2015-10-19,0.772476313816
1022,2015-10-20,0.769069515824
1023,2015-10-21,0.769032782444
1024,2015-10-22,0.761972115579
1025,2015-10-23,0.76531105434
1026,2015-10-24,0.76531105434
1027,2015-10-25,0.759520590604
1028,2015-10-26,0.760323159785
1029,2015-10-27,0.756462864177
1030,2015-10-28,0.757017004712
1031,2015-10-29,0.758448407467
1032,2015-10-30,0.759007922838
1033,2015-10-31,0.763775648539
1034,2015-11-01,0.764493847732
1035,2015-11-02,0.763460207612
1036,2015-11-03,0.761904761905
1037,2015-11-04,0.765113350126
1038,2015-11-05,0.75998603352
1039,2015-11-06,0.757495467857
1040,2015-11-07,0.752617037595
1041,2015-11-08,0.751537834291
1042,2015-11-09,0.754357717886
1043,2015-11-10,0.754083356801
1044,2015-11-11,0.75395764441
1045,2015-11-12,0.750437276989
1046,2015-11-13,0.751571009636
1047,2015-11-14,0.750813882248
1048,2015-11-15,0.750568743465
1049,2015-11-16,0.750227384034
1050,2015-11-17,0.751408450704
1051,2015-11-18,0.749912114181
1052,2015-11-19,0.752446666197
1053,2015-11-20,0.751142033874
1054,2015-11-21,0.749612824981
1055,2015-11-22,0.749161875157
1056,2015-11-23,0.747503867248
1057,2015-11-24,0.748541710591
1058,2015-11-25,0.750354408846
1059,2015-11-26,0.751611303917
1060,2015-11-27,0.74923872247
1061,2015-11-28,0.748230248405
1062,2015-11-29,0.747736787673
1063,2015-11-30,0.748002545429
1064,2015-12-01,0.750814562969
1065,2015-12-02,0.747113489158
1066,2015-12-03,0.750791528882
1067,2015-12-04,0.749793672627
1068,2015-12-05,0.7484620975
1069,2015-12-06,0.748381438042
1070,2015-12-07,0.742886597938
1071,2015-12-08,0.735145001014
1072,2015-12-09,0.736916548798
1073,2015-12-10,0.738543564824
1074,2015-12-11,0.73185403021
1075,2015-12-12,0.727861368615
1076,2015-12-13,0.726948640355
1077,2015-12-14,0.727062094532
1078,2015-12-15,0.729311832238
1079,2015-12-16,0.726445182724
1080,2015-12-17,0.722974324775
1081,2015-12-18,0.716524499107
1082,2015-12-19,0.716713324701
1083,2015-12-20,0.71650123847
1084,2015-12-21,0.716593051618
1085,2015-12-22,0.718540873901
1086,2015-12-23,0.719293621508
1087,2015-12-24,0.721003754199
1088,2015-12-25,0.722623760157
1089,2015-12-26,0.723052205815
1090,2015-12-27,0.723052205812
1091,2015-12-28,0.7208522391
1092,2015-12-29,0.718588019159
1093,2015-12-30,0.720189835871
1094,2015-12-31,0.720230219635
1095,2016-01-01,0.721330537457
1096,2016-01-02,0.722255807115
1097,2016-01-03,0.722255807115
1098,2016-01-04,0.718296862642
1099,2016-01-05,0.717548076923
1100,2016-01-06,0.709651846469
1101,2016-01-07,0.707552083333
1102,2016-01-08,0.708896286143
1103,2016-01-09,0.706279032479
1104,2016-01-10,0.705639114985
1105,2016-01-11,0.709963484611
1106,2016-01-12,0.705009759271
1107,2016-01-13,0.703205253235
1108,2016-01-14,0.69617179012
1109,2016-01-15,0.688623887942
1110,2016-01-16,0.688644052973
1111,2016-01-17,0.687799063629
1112,2016-01-18,0.689367088608
1113,2016-01-19,0.690031746032
1114,2016-01-20,0.683181960539
1115,2016-01-21,0.691619047619
1116,2016-01-22,0.705667276051
1117,2016-01-23,0.70721307835
1118,2016-01-24,0.708147592121
1119,2016-01-25,0.704514363885
1120,2016-01-26,0.703199013692
1121,2016-01-27,0.710195029678
1122,2016-01-28,0.709969395064
1123,2016-01-29,0.710798672134
1124,2016-01-30,0.714844825063
1125,2016-01-31,0.715442175463
1126,2016-02-01,0.71356454468
1127,2016-02-02,0.714033481559
1128,2016-02-03,0.717670999081
1129,2016-02-04,0.729272419628
1130,2016-02-05,0.727213710724
1131,2016-02-06,0.72003208463
1132,2016-02-07,0.718567349161
1133,2016-02-08,0.716794731065
1134,2016-02-09,0.719196057095
1135,2016-02-10,0.721556310493
1136,2016-02-11,0.71626057316
1137,2016-02-12,0.718244362339
1138,2016-02-13,0.721507488888
1139,2016-02-14,0.722067539309
1140,2016-02-15,0.723437297787
1141,2016-02-16,0.72365521711
1142,2016-02-17,0.723727822188
1143,2016-02-18,0.730748945148
1144,2016-02-19,0.726463270918
1145,2016-02-20,0.726369915499
1146,2016-02-21,0.726416348435
1147,2016-02-22,0.728847170809
1148,2016-02-23,0.727838052395
1149,2016-02-24,0.722576824373
1150,2016-02-25,0.73391014975
1151,2016-02-26,0.738211818365
1152,2016-02-27,0.739763704681
1153,2016-02-28,0.739990883315
1154,2016-02-29,0.73731969933
1155,2016-03-01,0.739642152527
1156,2016-03-02,0.743816375471
1157,2016-03-03,0.744400437039
1158,2016-03-04,0.745396480261
1159,2016-03-05,0.75006206764
1160,2016-03-06,0.751025337344
1161,2016-03-07,0.747542997543
1162,2016-03-08,0.750459339912
1163,2016-03-09,0.746208772526
1164,2016-03-10,0.752703826955
1165,2016-03-11,0.754524425092
1166,2016-03-12,0.756207137235
1167,2016-03-13,0.756822375301
1168,2016-03-14,0.754495487548
1169,2016-03-15,0.748988673139
1170,2016-03-16,0.747668603865
1171,2016-03-17,0.769403441943
1172,2016-03-18,0.771108224516
1173,2016-03-19,0.769000660576
1174,2016-03-20,0.768867627139
1175,2016-03-21,0.766578249337
1176,2016-03-22,0.763812248791
1177,2016-03-23,0.761174707005
1178,2016-03-24,0.752580797517
1179,2016-03-25,0.755278452282
1180,2016-03-26,0.753809565092
1181,2016-03-27,0.753656742515
1182,2016-03-28,0.756924343901
1183,2016-03-29,0.759378603894
1184,2016-03-30,0.767468654693
1185,2016-03-31,0.77249287556
1186,2016-04-01,0.767557405667
1187,2016-04-02,0.768337724383
1188,2016-04-03,0.768544399962
1189,2016-04-04,0.767259978425
1190,2016-04-05,0.759420096205
1191,2016-04-06,0.760193133047
1192,2016-04-07,0.762377566081
1193,2016-04-08,0.764618800888
1194,2016-04-09,0.769047381008
1195,2016-04-10,0.770005513237
1196,2016-04-11,0.76990671894
1197,2016-04-12,0.776611694153
1198,2016-04-13,0.781003732891
1199,2016-04-14,0.779548288763
1200,2016-04-15,0.776332989336
1201,2016-04-16,0.779883376245
1202,2016-04-17,0.78012247923
1203,2016-04-18,0.773747604708
1204,2016-04-19,0.786724927174
1205,2016-04-20,0.789057624298
1206,2016-04-21,0.791509828524
1207,2016-04-22,0.785315855529
1208,2016-04-23,0.788646020968
1209,2016-04-24,0.789090352426
1210,2016-04-25,0.788464230715
1211,2016-04-26,0.790627626786
1212,2016-04-27,0.794698727413
1213,2016-04-28,0.79638199411
1214,2016-04-29,0.798194036119
1215,2016-04-30,0.796807034852
1216,2016-05-01,0.7965512517
1217,2016-05-02,0.798790658882
1218,2016-05-03,0.794628751975
1219,2016-05-04,0.784253578732
1220,2016-05-05,0.78002045687
1221,2016-05-06,0.776449004553
1222,2016-05-07,0.774911466363
1223,2016-05-08,0.774643741342
1224,2016-05-09,0.772909177237
1225,2016-05-10,0.771500271297
1226,2016-05-11,0.776862317854
1227,2016-05-12,0.780389201042
1228,2016-05-13,0.776250085505
1229,2016-05-14,0.773495107258
1230,2016-05-15,0.772834556217
1231,2016-05-16,0.773814404811
1232,2016-05-17,0.773562982708
1233,2016-05-18,0.770581403293
1234,2016-05-19,0.762790380816
1235,2016-05-20,0.762989662677
1236,2016-05-21,0.762671210157
1237,2016-05-22,0.76256245387
1238,2016-05-23,0.760596812479
1239,2016-05-24,0.760555706892
1240,2016-05-25,0.763006571742
1241,2016-05-26,0.773246555425
1242,2016-05-27,0.767032967033
1243,2016-05-28,0.76803617758
1244,2016-05-29,0.767868688315
1245,2016-05-30,0.766937482787
1246,2016-05-31,0.767653131452
1247,2016-06-01,0.766077060195
1248,2016-06-02,0.763060973946
1249,2016-06-03,0.764286693162
1250,2016-06-04,0.771650784805
1251,2016-06-05,0.772901456609
1252,2016-06-06,0.77388339584
1253,2016-06-07,0.782350913478
1254,2016-06-08,0.788496188496
1255,2016-06-09,0.784494086728
1256,2016-06-10,0.784455239417
1257,2016-06-11,0.782876303196
1258,2016-06-12,0.782333042307
1259,2016-06-13,0.783043780403
1260,2016-06-14,0.776870371652
1261,2016-06-15,0.777808560742
1262,2016-06-16,0.769029593944
1263,2016-06-17,0.775122253599
1264,2016-06-18,0.775312198841
1265,2016-06-19,0.775513021248
1266,2016-06-20,0.78044077135
1267,2016-06-21,0.782921597121
1268,2016-06-22,0.783596083061
1269,2016-06-23,0.784528483847
1270,2016-06-24,0.768899388549
1271,2016-06-25,0.769605507914
1272,2016-06-26,0.76903318686
1273,2016-06-27,0.766411149826
1274,2016-06-28,0.76693447846
1275,2016-06-29,0.769764697716
1276,2016-06-30,0.771829810901
1277,2016-07-01,0.773801250869
1278,2016-07-02,0.774149596666
1279,2016-07-03,0.774505749151
1280,2016-07-04,0.777359017309
1281,2016-07-05,0.773061450964
1282,2016-07-06,0.767667660725
1283,2016-07-07,0.773310999442
1284,2016-07-08,0.768429820908
1285,2016-07-09,0.76693997851
1286,2016-07-10,0.766729461812
1287,2016-07-11,0.765325206068
1288,2016-07-12,0.767506227512
1289,2016-07-13,0.766049894356
1290,2016-07-14,0.773609762862
1291,2016-07-15,0.777257805406
1292,2016-07-16,0.771649593919
1293,2016-07-17,0.771297847461
1294,2016-07-18,0.769884578901
1295,2016-07-19,0.768240044556
1296,2016-07-20,0.765748852733
1297,2016-07-21,0.766341073888
1298,2016-07-22,0.7640201518
1299,2016-07-23,0.762116122108
1300,2016-07-24,0.761753862092
1301,2016-07-25,0.759042088883
1302,2016-07-26,0.757475334709
1303,2016-07-27,0.758344443079
1304,2016-07-28,0.759372363554
1305,2016-07-29,0.762782906644
1306,2016-07-30,0.766090387943
1307,2016-07-31,0.767313665548
1308,2016-08-01,0.7645388531
1309,2016-08-02,0.766997037857
1310,2016-08-03,0.763193322979
1311,2016-08-04,0.765740172109
1312,2016-08-05,0.760289183595
1313,2016-08-06,0.760133722725
1314,2016-08-07,0.759288759033
1315,2016-08-08,0.76022965017
1316,2016-08-09,0.760577734849
1317,2016-08-10,0.76628117615
1318,2016-08-11,0.766767087599
1319,2016-08-12,0.771488857767
1320,2016-08-13,0.771876524455
1321,2016-08-14,0.771989145834
1322,2016-08-15,0.773248688374
1323,2016-08-16,0.778483949221
1324,2016-08-17,0.776361349629
1325,2016-08-18,0.779318143387
1326,2016-08-19,0.778138055701
1327,2016-08-20,0.777723509961
1328,2016-08-21,0.777239927749
1329,2016-08-22,0.774692950446
1330,2016-08-23,0.774608338657
1331,2016-08-24,0.773203249621
1332,2016-08-25,0.773347356699
1333,2016-08-26,0.776348089644
1334,2016-08-27,0.770221985675
1335,2016-08-28,0.769246154154
1336,2016-08-29,0.768182495581
1337,2016-08-30,0.766945272316
1338,2016-08-31,0.763188080831
1339,2016-09-01,0.761553141942
1340,2016-09-02,0.76579294797
1341,2016-09-03,0.768950989375
1342,2016-09-04,0.769841905269
1343,2016-09-05,0.772279491035
1344,2016-09-06,0.773732703207
1345,2016-09-07,0.77817802067
1346,2016-09-08,0.776495180297
1347,2016-09-09,0.771143204378
1348,2016-09-10,0.767430259778
1349,2016-09-11,0.766491446724
1350,2016-09-12,0.763422882835
1351,2016-09-13,0.762234047009
1352,2016-09-14,0.759118147631
1353,2016-09-15,0.758456601494
1354,2016-09-16,0.756456545733
1355,2016-09-17,0.75721034622
1356,2016-09-18,0.756878511913
1357,2016-09-19,0.759067440108
1358,2016-09-20,0.756459406876
1359,2016-09-21,0.759089911922
1360,2016-09-22,0.766955271939
1361,2016-09-23,0.763475922641
1362,2016-09-24,0.760246989042
1363,2016-09-25,0.759372940205
1364,2016-09-26,0.759667144241
1365,2016-09-27,0.755245367894
1366,2016-09-28,0.756540672382
1367,2016-09-29,0.762681680308
1368,2016-09-30,0.762279367766
1369,2016-10-01,0.761621003674
1370,2016-10-02,0.76179854542
1371,2016-10-03,0.763432207984
1372,2016-10-04,0.760475936261
1373,2016-10-05,0.75836169606
1374,2016-10-06,0.758053561034
1375,2016-10-07,0.756572725553
1376,2016-10-08,0.752648759148
1377,2016-10-09,0.752138140702
1378,2016-10-10,0.754457903134
1379,2016-10-11,0.757055568637
1380,2016-10-12,0.754358305107
1381,2016-10-13,0.754734069447
1382,2016-10-14,0.758340992573
1383,2016-10-15,0.760544763003
1384,2016-10-16,0.761000258741
1385,2016-10-17,0.761663350894
1386,2016-10-18,0.763782065485
1387,2016-10-19,0.764319136865
1388,2016-10-20,0.759499246962
1389,2016-10-21,0.75350227859
1390,2016-10-22,0.750646494291
1391,2016-10-23,0.749916384321
1392,2016-10-24,0.749333093547
1393,2016-10-25,0.749764011783
1394,2016-10-26,0.748504674783
1395,2016-10-27,0.748081917961
1396,2016-10-28,0.746725608208
1397,2016-10-29,0.74670888061
1398,2016-10-30,0.74660016948
1399,2016-10-31,0.746225776583
1400,2016-11-01,0.747396444488
1401,2016-11-02,0.747367398339
1402,2016-11-03,0.746862802796
1403,2016-11-04,0.745088192367
1404,2016-11-05,0.746112195873
1405,2016-11-06,0.746143371447
1406,2016-11-07,0.746689366022
1407,2016-11-08,0.748244244877
1408,2016-11-09,0.744633796547
1409,2016-11-10,0.743006083737
1410,2016-11-11,0.741069006865
1411,2016-11-12,0.738934456511
1412,2016-11-13,0.738490260052
1413,2016-11-14,0.738449905037
1414,2016-11-15,0.738597167629
1415,2016-11-16,0.742193240402
1416,2016-11-17,0.744230354178
1417,2016-11-18,0.740731413009
1418,2016-11-19,0.740188066979
1419,2016-11-20,0.74044511117
1420,2016-11-21,0.743188307565
1421,2016-11-22,0.745007148345
1422,2016-11-23,0.742631425343
1423,2016-11-24,0.741491569609
1424,2016-11-25,0.740978951749
1425,2016-11-26,0.739987050224
1426,2016-11-27,0.739694210411
1427,2016-11-28,0.743393830721
1428,2016-11-29,0.742853746957
1429,2016-11-30,0.747003395876
1430,2016-12-01,0.746612432738
1431,2016-12-02,0.751192894316
1432,2016-12-03,0.752263183789
1433,2016-12-04,0.752402987042
1434,2016-12-05,0.752163598592
1435,2016-12-06,0.752602877051
1436,2016-12-07,0.75301885258
1437,2016-12-08,0.755386852489
1438,2016-12-09,0.758754701433
1439,2016-12-10,0.758609650576
1440,2016-12-11,0.758697710552
1441,2016-12-12,0.761033270089
1442,2016-12-13,0.762338060335
1443,2016-12-14,0.762690987357
1444,2016-12-15,0.751276418635
1445,2016-12-16,0.74845985673
1446,2016-12-17,0.749821917294
1447,2016-12-18,0.749775254863
1448,2016-12-19,0.746651454889
1449,2016-12-20,0.746308756888
1450,2016-12-21,0.747328301325
1451,2016-12-22,0.740501037815
1452,2016-12-23,0.738716111394
1453,2016-12-24,0.738735211444
1454,2016-12-25,0.738198058544
1455,2016-12-26,0.739799824965
1456,2016-12-27,0.738685553381
1457,2016-12-28,0.736556011399
1458,2016-12-29,0.738712837204
1459,2016-12-30,0.744449200646
1460,2016-12-31,0.744150050418
1461,2017-01-01,0.744130115615
1462,2017-01-02,0.745114840823
1463,2017-01-03,0.744855099616
1464,2017-01-04,0.750118331169
1465,2017-01-05,0.753398391795
1466,2017-01-06,0.757703763587
1467,2017-01-07,0.755543802649
1468,2017-01-08,0.755300129839
1469,2017-01-09,0.754327008306
1470,2017-01-10,0.757317581129
1471,2017-01-11,0.754551833941
1472,2017-01-12,0.763743565455
1473,2017-01-13,0.760259704714
1474,2017-01-14,0.762340384979
1475,2017-01-15,0.762620026854
1476,2017-01-16,0.760709650818
1477,2017-01-17,0.766799425204
1478,2017-01-18,0.764740565588
1479,2017-01-19,0.751151139117
1480,2017-01-20,0.747593682831
1481,2017-01-21,0.75075075075
1482,2017-01-22,0.750439757697
1483,2017-01-23,0.750287172417
1484,2017-01-24,0.759589821498
1485,2017-01-25,0.762116702932
1486,2017-01-26,0.763772731789
1487,2017-01-27,0.762375256349
1488,2017-01-28,0.760389775803
1489,2017-01-29,0.760200175909
1490,2017-01-30,0.761350208912
1491,2017-01-31,0.76966770367
1492,2017-02-01,0.765134357593
1493,2017-02-02,0.76833359201
1494,2017-02-03,0.767750781956
1495,2017-02-04,0.767657072238
1496,2017-02-05,0.76785512724
1497,2017-02-06,0.763909843365
1498,2017-02-07,0.759324504918
1499,2017-02-08,0.760095589622
1500,2017-02-09,0.761382670926
1501,2017-02-10,0.764646419848
1502,2017-02-11,0.76437989681
1503,2017-02-12,0.764194725986
1504,2017-02-13,0.76388475118
1505,2017-02-14,0.766991155055
1506,2017-02-15,0.763387915574
1507,2017-02-16,0.766436224843
1508,2017-02-17,0.763888835841
1509,2017-02-18,0.763737732464
1510,2017-02-19,0.76372490018
1511,2017-02-20,0.76300581563
1512,2017-02-21,0.761185043324
1513,2017-02-22,0.758888865278
1514,2017-02-23,0.762587459251
1515,2017-02-24,0.763926766929
1516,2017-02-25,0.763679407385
1517,2017-02-26,0.763854992821
1518,2017-02-27,0.763051810453
1519,2017-02-28,0.756794882859
1520,2017-03-01,0.751664372844
1521,2017-03-02,0.747337795937
1522,2017-03-03,0.74624415318
1523,2017-03-04,0.747663551401
1524,2017-03-05,0.747589770577
1525,2017-03-06,0.746959873319
1526,2017-03-07,0.744791302029
1527,2017-03-08,0.743561869551
1528,2017-03-09,0.740573974452
1529,2017-03-10,0.743029822984
1530,2017-03-11,0.742528308894
1531,2017-03-12,0.742473178158
1532,2017-03-13,0.743356253482
1533,2017-03-14,0.741532807638
1534,2017-03-15,0.74384062768
1535,2017-03-16,0.751668327851
1536,2017-03-17,0.749510569599
1537,2017-03-18,0.748418964937
1538,2017-03-19,0.748834813033
1539,2017-03-20,0.748796683728
1540,2017-03-21,0.752104765185
1541,2017-03-22,0.7476859121
1542,2017-03-23,0.750556349891
1543,2017-03-24,0.747360695703
1544,2017-03-25,0.74733500338
1545,2017-03-26,0.747640074104
1546,2017-03-27,0.746795314609
1547,2017-03-28,0.747913508292
1548,2017-03-29,0.747759152758
1549,2017-03-30,0.75156720552
1550,2017-03-31,0.751985995011
1551,2017-04-01,0.750697210032
1552,2017-04-02,0.750835304273
1553,2017-04-03,0.746773007141
1554,2017-04-04,0.744165002219
1555,2017-04-05,0.746620794285
1556,2017-04-06,0.744634905511
1557,2017-04-07,0.747854778567
1558,2017-04-08,0.745810039196
1559,2017-04-09,0.745810039196
1560,2017-04-10,0.74893800591
1561,2017-04-11,0.749429122365
1562,2017-04-12,0.751303511591
1563,2017-04-13,0.754959707804
1564,2017-04-14,0.750976833118
1565,2017-04-15,0.750384572094
1566,2017-04-16,0.750329957598
1567,2017-04-17,0.752619303327
1568,2017-04-18,0.748605535038
1569,2017-04-19,0.744053155159
1570,2017-04-20,0.741257424618
1571,2017-04-21,0.740830189129
1572,2017-04-22,0.740869706946
1573,2017-04-23,0.740904837442
1574,2017-04-24,0.742544849708
1575,2017-04-25,0.735366572883
1576,2017-04-26,0.736130925299
1577,2017-04-27,0.735029290918
1578,2017-04-28,0.732170012807
1579,2017-04-29,0.731984042751
1580,2017-04-30,0.732278851785
1581,2017-05-01,0.732379140962
1582,2017-05-02,0.729352043644
1583,2017-05-03,0.728927790954
1584,2017-05-04,0.728171423204
1585,2017-05-05,0.727303406249
1586,2017-05-06,0.732635083257
1587,2017-05-07,0.732635083257
1588,2017-05-08,0.730370560803
1589,2017-05-09,0.727748542501
1590,2017-05-10,0.730084748237
1591,2017-05-11,0.727574339908
1592,2017-05-12,0.729635685603
1593,2017-05-13,0.729189833632
1594,2017-05-14,0.729320127776
1595,2017-05-15,0.733077635854
1596,2017-05-16,0.735026589588
1597,2017-05-17,0.734602187199
1598,2017-05-18,0.734567112257
1599,2017-05-19,0.737185323227
1600,2017-05-20,0.740219845295
1601,2017-05-21,0.740190258504
1602,2017-05-22,0.740723731529
1603,2017-05-23,0.742262654093
1604,2017-05-24,0.739403242432
1605,2017-05-25,0.745588168411
1606,2017-05-26,0.742673341815
1607,2017-05-27,0.742673341815
1608,2017-05-28,0.742673341815
1609,2017-05-29,0.743240550056
1610,2017-05-30,0.741624097445
1611,2017-05-31,0.741593848329
1612,2017-06-01,0.740960284524
1613,2017-06-02,0.73969749331
1614,2017-06-03,0.741438241906
1615,2017-06-04,0.741585049052
1616,2017-06-05,0.740828542642
1617,2017-06-06,0.74289955181
1618,2017-06-07,0.743971229145
1619,2017-06-08,0.740964676729
1620,2017-06-09,0.742748913733
1621,2017-06-10,0.742707540336
1622,2017-06-11,0.742399866964
1623,2017-06-12,0.743241887328
1624,2017-06-13,0.755721948738
1625,2017-06-14,0.757867421705
1626,2017-06-15,0.752869751276
1627,2017-06-16,0.755168942618
1628,2017-06-17,0.75686018068
1629,2017-06-18,0.756899708516
1630,2017-06-19,0.755907606927
1631,2017-06-20,0.753081798988
1632,2017-06-21,0.751348670863
1633,2017-06-22,0.755596895099
1634,2017-06-23,0.752963287018
1635,2017-06-24,0.75400565504
1636,2017-06-25,0.753544863423
1637,2017-06-26,0.756223721226
1638,2017-06-27,0.757099702459
1639,2017-06-28,0.763974623815
1640,2017-06-29,0.768197248468
1641,2017-06-30,0.771593030973
1642,2017-07-01,0.771456123437
1643,2017-07-02,0.771359722061
1644,2017-07-03,0.770706375514
1645,2017-07-04,0.773000036331
1646,2017-07-05,0.770222578923
1647,2017-07-06,0.772794540984
1648,2017-07-07,0.775208821877
1649,2017-07-08,0.776729193367
1650,2017-07-09,0.776545227932
1651,2017-07-10,0.775784958617
1652,2017-07-11,0.774542342292
1653,2017-07-12,0.773163155051
1654,2017-07-13,0.783919252952
1655,2017-07-14,0.787960592513
1656,2017-07-15,0.790732613766
1657,2017-07-16,0.790732613766
1658,2017-07-17,0.791397822228
1659,2017-07-18,0.792612848255
1660,2017-07-19,0.794497627237
1661,2017-07-20,0.793849255966
1662,2017-07-21,0.795593683935
1663,2017-07-22,0.797543565818
1664,2017-07-23,0.797479963314
1665,2017-07-24,0.799304924434
1666,2017-07-25,0.800498230095
1667,2017-07-26,0.798752667831
1668,2017-07-27,0.801581359704
1669,2017-07-28,0.802851729342
1670,2017-07-29,0.804343454654
1671,2017-07-30,0.804280056752
1672,2017-07-31,0.800471958267
1673,2017-08-01,0.801519983714
1674,2017-08-02,0.795681043296
1675,2017-08-03,0.793759148071
1676,2017-08-04,0.791715489122
1677,2017-08-05,0.790420108288
1678,2017-08-06,0.790600081272
1679,2017-08-07,0.788536570745
1680,2017-08-08,0.788479991925
1681,2017-08-09,0.786472051536
1682,2017-08-10,0.787876161625
1683,2017-08-11,0.787161707412
1684,2017-08-12,0.788985136312
1685,2017-08-13,0.788985136308
1686,2017-08-14,0.787195168514
1687,2017-08-15,0.784035777117
1688,2017-08-16,0.786554325732
1689,2017-08-17,0.792104015711
1690,2017-08-18,0.794030163623
1691,2017-08-19,0.794628312609
1692,2017-08-20,0.794500152146
1693,2017-08-21,0.795362717212
1694,2017-08-22,0.797728706827
1695,2017-08-23,0.794978913183
1696,2017-08-24,0.79773125232
1697,2017-08-25,0.798048929981
1698,2017-08-26,0.801314155213
1699,2017-08-27,0.801249949924
1700,2017-08-28,0.802240497258
1701,2017-08-29,0.8001926864
1702,2017-08-30,0.794158803169
1703,2017-08-31,0.795945137095
1704,2017-09-01,0.806511450846
1705,2017-09-02,0.80667930464
1706,2017-09-03,0.806614887371
1707,2017-09-04,0.804987703817
1708,2017-09-05,0.808278713899
1709,2017-09-06,0.805923213253
1710,2017-09-07,0.821428776786
1711,2017-09-08,0.824343863497
1712,2017-09-09,0.822337989138
1713,2017-09-10,0.822269694597
1714,2017-09-11,0.823310895366
1715,2017-09-12,0.823075751778
1716,2017-09-13,0.821294524427
1717,2017-09-14,0.819394074468
1718,2017-09-15,0.821689986229
1719,2017-09-16,0.819853574154
1720,2017-09-17,0.81990466149
1721,2017-09-18,0.819966512566
1722,2017-09-19,0.813764997693
1723,2017-09-20,0.816486495315
1724,2017-09-21,0.809796595288
1725,2017-09-22,0.813041841573
1726,2017-09-23,0.810763698867
1727,2017-09-24,0.810734777038
1728,2017-09-25,0.811146450058
1729,2017-09-26,0.808165706293
1730,2017-09-27,0.807847103622
1731,2017-09-28,0.802834970846
1732,2017-09-29,0.801298745011
1733,2017-09-30,0.801470216962
1734,2017-10-01,0.801700245886
1735,2017-10-02,0.799973760862
1736,2017-10-03,0.799584855543
1737,2017-10-04,0.801124137389
1738,2017-10-05,0.797492683006
1739,2017-10-06,0.795758290011
1740,2017-10-07,0.798310774398
1741,2017-10-08,0.798240040359
1742,2017-10-09,0.79671561953
1743,2017-10-10,0.800865575515
1744,2017-10-11,0.800241352787
1745,2017-10-12,0.800939341656
1746,2017-10-13,0.801668111009
1747,2017-10-14,0.802085422093
1748,2017-10-15,0.802019806682
1749,2017-10-16,0.797671437537
1750,2017-10-17,0.796619782941
1751,2017-10-18,0.799969921131
1752,2017-10-19,0.801468289909
1753,2017-10-20,0.793636306635
1754,2017-10-21,0.791922391603
1755,2017-10-22,0.791859682466
1756,2017-10-23,0.790907724796
1757,2017-10-24,0.79059945623
1758,2017-10-25,0.789661748391
1759,2017-10-26,0.780316668112
1760,2017-10-27,0.774769176895
1761,2017-10-28,0.780536540821
1762,2017-10-29,0.780490241533
1763,2017-10-30,0.778232524979
1764,2017-10-31,0.776130569994
1765,2017-11-01,0.775967961833
1766,2017-11-02,0.779956369246
1767,2017-11-03,0.783085356302
1768,2017-11-04,0.783484154032
1769,2017-11-05,0.78330004308
1770,2017-11-06,0.78267042453
1771,2017-11-07,0.782595085306
1772,2017-11-08,0.785679266868
1773,2017-11-09,0.786298280679
1774,2017-11-10,0.788179824804
1775,2017-11-11,0.788572014366
1776,2017-11-12,0.78823014744
1777,2017-11-13,0.785839795555
1778,2017-11-14,0.784558630854
1779,2017-11-15,0.783950208568
1780,2017-11-16,0.783427620632
1781,2017-11-17,0.780051889051
1782,2017-11-18,0.782993383707
1783,2017-11-19,0.783339926449
1784,2017-11-20,0.781959378734
1785,2017-11-21,0.780887644942
1786,2017-11-22,0.784588793089
1787,2017-11-23,0.786227186638
1788,2017-11-24,0.786991347815
1789,2017-11-25,0.786559275105
1790,2017-11-26,0.78660010981
1791,2017-11-27,0.788598574822
1792,2017-11-28,0.781693845345
1793,2017-11-29,0.777404882567
1794,2017-11-30,0.777799124044
1795,2017-12-01,0.784609723356
1796,2017-12-02,0.788071746051
1797,2017-12-03,0.788320247218
1798,2017-12-04,0.788484965561
1799,2017-12-05,0.789461634535
1800,2017-12-06,0.789643041861
1801,2017-12-07,0.777931635368
1802,2017-12-08,0.778118680218
1803,2017-12-09,0.778170148458
1804,2017-12-10,0.778299757481
1805,2017-12-11,0.777656376982
1806,2017-12-12,0.777116710492
1807,2017-12-13,0.77760134867
1808,2017-12-14,0.778567591343
1809,2017-12-15,0.780854692308
1810,2017-12-16,0.777189790522
1811,2017-12-17,0.777270134015
1812,2017-12-18,0.777780975321
1813,2017-12-19,0.775440857512
1814,2017-12-20,0.777867491829
1815,2017-12-21,0.784692224089
1816,2017-12-22,0.787208607292
1817,2017-12-23,0.785576809777
1818,2017-12-24,0.785455253797
1819,2017-12-25,0.785574958388
1820,2017-12-26,0.787228012718
1821,2017-12-27,0.791162399537
1822,2017-12-28,0.793669690552
1823,2017-12-29,0.796251249119
1824,2017-12-30,0.795165394407
1825,2017-12-31,0.795384858898
1826,2018-01-01,0.79244012124
1827,2018-01-02,0.797527763088
1828,2018-01-03,0.799029706918
1829,2018-01-04,0.79891028637
1830,2018-01-05,0.807599185293
1831,2018-01-06,0.805590800154
1832,2018-01-07,0.805640125392
1833,2018-01-08,0.80416169762
1834,2018-01-09,0.804802374207
1835,2018-01-10,0.801065096156
1836,2018-01-11,0.797280953033
1837,2018-01-12,0.799266592977
1838,2018-01-13,0.802590762981
1839,2018-01-14,0.802599781209
1840,2018-01-15,0.804430157761
1841,2018-01-16,0.805187338918
1842,2018-01-17,0.802217328693
1843,2018-01-18,0.802773099392
1844,2018-01-19,0.804269060167
1845,2018-01-20,0.8002752947
1846,2018-01-21,0.800290025105
1847,2018-01-22,0.802577236018
1848,2018-01-23,0.80181338114
1849,2018-01-24,0.810295287814
1850,2018-01-25,0.812031052068
1851,2018-01-26,0.81167842924
1852,2018-01-27,0.811849759088
1853,2018-01-28,0.812314690713
1854,2018-01-29,0.810288065508
1855,2018-01-30,0.811617877679
1856,2018-01-31,0.814199641747
1857,2018-02-01,0.812711457359
1858,2018-02-02,0.807191755668
1859,2018-02-03,0.80481601906
1860,2018-02-04,0.805055101995
1861,2018-02-05,0.80081683317
1862,2018-02-06,0.798732890146
1863,2018-02-07,0.799140125223
1864,2018-02-08,0.79506487332
1865,2018-02-09,0.793834131536
1866,2018-02-10,0.794824737171
1867,2018-02-11,0.794755251148
1868,2018-02-12,0.79414051363
1869,2018-02-13,0.792818962956
1870,2018-02-14,0.79153062234
1871,2018-02-15,0.800295789326
1872,2018-02-16,0.797308922921
1873,2018-02-17,0.796300071346
1874,2018-02-18,0.796270270059
1875,2018-02-19,0.794440820911
1876,2018-02-20,0.792600283748
1877,2018-02-21,0.789374389219
1878,2018-02-22,0.786151161143
1879,2018-02-23,0.788108390124
1880,2018-02-24,0.791608945181
1881,2018-02-25,0.791545032578
1882,2018-02-26,0.788256243187
1883,2018-02-27,0.785479932165
1884,2018-02-28,0.781321417658
1885,2018-03-01,0.778254934525
1886,2018-03-02,0.776216719709
1887,2018-03-03,0.77606973452
1888,2018-03-04,0.77606973452
1889,2018-03-05,0.770526439077
1890,2018-03-06,0.774893452155
1891,2018-03-07,0.77387281555
1892,2018-03-08,0.77406390517
1893,2018-03-09,0.778009105822
1894,2018-03-10,0.780610265496
1895,2018-03-11,0.780729716838
1896,2018-03-12,0.779998954804
1897,2018-03-13,0.774292258163
1898,2018-03-14,0.772284262393
1899,2018-03-15,0.767091763352
1900,2018-03-16,0.763749398547
1901,2018-03-17,0.763271381143
1902,2018-03-18,0.763274876658
1903,2018-03-19,0.763702736347
1904,2018-03-20,0.764159104043
1905,2018-03-21,0.771240741259
1906,2018-03-22,0.774248495058
1907,2018-03-23,0.778187104199
1908,2018-03-24,0.775524448408
1909,2018-03-25,0.77533985084
1910,2018-03-26,0.775397565722
1911,2018-03-27,0.777765852033
1912,2018-03-28,0.774303649373
1913,2018-03-29,0.774301251193
1914,2018-03-30,0.775223845887
1915,2018-03-31,0.7750351866
1916,2018-04-01,0.774499750611
1917,2018-04-02,0.776314941661
1918,2018-04-03,0.778850167923
1919,2018-04-04,0.779608558542
1920,2018-04-05,0.783230103606
1921,2018-04-06,0.785085880543
1922,2018-04-07,0.781799702911
1923,2018-04-08,0.781220093921
1924,2018-04-09,0.783208020049
1925,2018-04-10,0.791170536813
1926,2018-04-11,0.79349272486
1927,2018-04-12,0.792934006483
1928,2018-04-13,0.794847480692
1929,2018-04-14,0.79261473296
1930,2018-04-15,0.792550029721
1931,2018-04-16,0.794999769454
1932,2018-04-17,0.79666043453
1933,2018-04-18,0.796419933116
1934,2018-04-19,0.792991226344
1935,2018-04-20,0.785704576654
1936,2018-04-21,0.783000127625
1937,2018-04-22,0.782320189569
1938,2018-04-23,0.779530161581
1939,2018-04-24,0.779666910699
1940,2018-04-25,0.776709284703
1941,2018-04-26,0.777762222531
1942,2018-04-27,0.777392795589
1943,2018-04-28,0.778725226806
1944,2018-04-29,0.77853970864
1945,2018-04-30,0.778684599251
1946,2018-05-01,0.776538594743
1947,2018-05-02,0.777120937893
1948,2018-05-03,0.778247666428
1949,2018-05-04,0.775608057322
1950,2018-05-05,0.777756173441
1951,2018-05-06,0.777635211323
1952,2018-05-07,0.776825734681
1953,2018-05-08,0.771287734284
1954,2018-05-09,0.777009229315
1955,2018-05-10,0.782889533351
1956,2018-05-11,0.783020360098
1957,2018-05-12,0.780699850572
1958,2018-05-13,0.780671814934
1959,2018-05-14,0.783617381572
1960,2018-05-15,0.779059857077
1961,2018-05-16,0.777257436845
1962,2018-05-17,0.782980699078
1963,2018-05-18,0.77490846394
1964,2018-05-19,0.775600237021
1965,2018-05-20,0.774799791732
1966,2018-05-21,0.776735583592
1967,2018-05-22,0.782822248772
1968,2018-05-23,0.776717127391
1969,2018-05-24,0.774907262973
1970,2018-05-25,0.770621444544
1971,2018-05-26,0.770999917505
1972,2018-05-27,0.771280000868
1973,2018-05-28,0.77041153897
1974,2018-05-29,0.767871046804
1975,2018-05-30,0.768367242659
1976,2018-05-31,0.772060072453
1977,2018-06-01,0.771004673059
1978,2018-06-02,0.77121813905
1979,2018-06-03,0.771504928372
1980,2018-06-04,0.774570539365
1981,2018-06-05,0.767308366657
1982,2018-06-06,0.777141471612
1983,2018-06-07,0.771597198485
1984,2018-06-08,0.769851980561
1985,2018-06-09,0.773150045226
1986,2018-06-10,0.772829778056
1987,2018-06-11,0.769219526791
1988,2018-06-12,0.769261539695
1989,2018-06-13,0.769210059726
1990,2018-06-14,0.76893857257
1991,2018-06-15,0.759388509999
1992,2018-06-16,0.757260232477
1993,2018-06-17,0.757205185949
1994,2018-06-18,0.758163334159
1995,2018-06-19,0.752921208956
1996,2018-06-20,0.752634030953
1997,2018-06-21,0.750891683879
1998,2018-06-22,0.750453273777
1999,2018-06-23,0.753199780967
2000,2018-06-24,0.752644793806
2001,2018-06-25,0.751049591807
2002,2018-06-26,0.751398352337
2003,2018-06-27,0.752168690377
2004,2018-06-28,0.75271107712
2005,2018-06-29,0.75841058377
2006,2018-06-30,0.760544763
2007,2018-07-01,0.760485189552
2008,2018-07-02,0.757505171867
2009,2018-07-03,0.760695184113
2010,2018-07-04,0.760843928085
2011,2018-07-05,0.761648847891
2012,2018-07-06,0.762938871047
2013,2018-07-07,0.763600099571
2014,2018-07-08,0.763975207476
2015,2018-07-09,0.764511966143
2016,2018-07-10,0.761474450657
2017,2018-07-11,0.760849716964
2018,2018-07-12,0.759263969505
2019,2018-07-13,0.757969097598
2020,2018-07-14,0.760100211615
2021,2018-07-15,0.759044969614
2022,2018-07-16,0.761605922246
2023,2018-07-17,0.75827658897
2024,2018-07-18,0.755556932343
2025,2018-07-19,0.754869389616
2026,2018-07-20,0.762211969628
2027,2018-07-21,0.76040018341
2028,2018-07-22,0.760025111229
2029,2018-07-23,0.760320399013
2030,2018-07-24,0.76086071608
2031,2018-07-25,0.763955947243
2032,2018-07-26,0.76639217054
2033,2018-07-27,0.765368601517
2034,2018-07-28,0.764867494357
2035,2018-07-29,0.764789694304
2036,2018-07-30,0.768815608803
2037,2018-07-31,0.766761208325
2038,2018-08-01,0.768984694125
2039,2018-08-02,0.768255675489
2040,2018-08-03,0.770280721105
2041,2018-08-04,0.769300006234
2042,2018-08-05,0.768790193309
2043,2018-08-06,0.767409647106
2044,2018-08-07,0.770264701464
2045,2018-08-08,0.76497690917
2046,2018-08-09,0.767594611792
2047,2018-08-10,0.763154882284
2048,2018-08-11,0.76040018341
2049,2018-08-12,0.759950025689
2050,2018-08-13,0.761795643747
2051,2018-08-14,0.764258970683
2052,2018-08-15,0.761099880658
2053,2018-08-16,0.761126528152
2054,2018-08-17,0.764752262326
2055,2018-08-18,0.765699715544
2056,2018-08-19,0.765699715544
2057,2018-08-20,0.765112697273
2058,2018-08-21,0.767602860701
2059,2018-08-22,0.767493282518
2060,2018-08-23,0.766079823981
2061,2018-08-24,0.76615142983
2062,2018-08-25,0.76720004971
2063,2018-08-26,0.766839998069
2064,2018-08-27,0.768395582342
2065,2018-08-28,0.774882043584
2066,2018-08-29,0.772725867772
2067,2018-08-30,0.769761904946
2068,2018-08-31,0.766064565451
2069,2018-09-01,0.766430350642
2070,2018-09-02,0.766429763232
2071,2018-09-03,0.76510684335
2072,2018-09-04,0.757691707366
2073,2018-09-05,0.759431186044
2074,2018-09-06,0.758176555063
2075,2018-09-07,0.761147963358
2076,2018-09-08,0.761147963358
2077,2018-09-09,0.761147963358
2078,2018-09-10,0.761147963358
2079,2018-09-11,0.761147963358
2080,2018-09-12,0.761147963358
2081,2018-09-13,0.761147963358
2082,2018-09-14,0.761147963358
2083,2018-09-15,0.761147963358
2084,2018-09-16,0.761147963358
2085,2018-09-17,0.761147963358
2086,2018-09-18,0.761147963358
2087,2018-09-19,0.761147963358
2088,2018-09-20,0.761147963358
2089,2018-09-21,0.761147963358
2090,2018-09-22,0.761147963358
2091,2018-09-23,0.761147963358
2092,2018-09-24,0.761147963358
2093,2018-09-25,0.761147963358
2094,2018-09-26,0.761147963358
2095,2018-09-27,0.761147963358
