date,industry_id,volume,Y1,Y2,Y3,Y4
2017-08-21,1,4299276,,5.6719,1.3344,-3.1065
2017-08-22,1,2743294,-5.6719,-2.7677,-5.6014,-2.4792
2017-08-23,1,3793116,2.7677,-3.9181,0.3989,0.2254
2017-08-24,1,6236691,3.9181,7.0979,6.8127,6.4005
2017-08-25,1,3647627,-7.0979,-0.1668,-0.4079,1.6872
2017-08-28,1,3709511,0.1668,-0.2452,1.8855,-2.3600
2017-08-29,1,3802747,0.2452,2.1842,-2.1680,-2.6142
2017-08-30,1,3121047,-2.1842,-3.5720,-3.9382,-4.5310
2017-08-31,1,4855411,3.5720,-0.5697,-1.4918,2.4773
2017-09-01,1,5148712,0.5697,-0.9778,3.2310,2.2268
2017-09-05,1,5706746,0.9778,4.6651,3.5519,9.1560
2017-09-06,1,3891388,-4.6651,-0.7590,3.0624,-0.8758
2017-09-07,1,4211019,0.7590,4.1353,-0.1263,-0.6097
2017-09-08,1,2979087,-4.1353,-3.0149,-3.3568,-4.7001
2017-09-11,1,4264895,3.0149,-0.4895,-2.4126,-1.7363
2017-09-12,1,4484414,0.4895,-2.0220,-1.3109,-6.9045
2017-09-13,1,5620995,2.0220,0.8913,-6.1199,-0.7723
2017-09-14,1,5160973,-0.8913,-6.4374,-1.5275,-3.9651
2017-09-15,1,14486663,6.4374,13.7820,6.9398,15.2068
2017-09-18,1,6091445,-13.7820,-2.8771,0.5991,2.4359
2017-09-19,1,8551865,2.8771,4.8802,7.4589,7.4988
2017-09-20,1,5747132,-4.8802,1.7330,1.7598,-0.9934
2017-09-21,1,4898276,-1.7330,0.0228,-2.3237,-4.8341
2017-09-22,1,4887119,-0.0228,-2.3412,-4.8459,-1.1843
2017-09-25,1,6381028,2.3412,-3.2703,1.5105,-1.8165
2017-09-26,1,9481959,3.2703,7.1042,2.1603,3.9361
2017-09-27,1,5543636,-7.1042,-2.8905,-1.8522,-9.6198
2017-09-28,1,7797479,2.8905,1.4604,-9.4652,-9.4352
2017-09-29,1,6803869,-1.4604,-9.5334,-9.5072,-9.5409
2017-10-02,1,145815348,9.5334,0.5614,-0.1608,-1.4811
2017-10-03,1,138064179,-0.5614,-0.6839,-1.9339,-2.3159
2017-10-04,1,148198843,0.6839,-1.3418,-1.7518,0.8151
2017-10-05,1,171166026,1.3418,-0.4736,2.4912,0.0111
2017-10-06,1,179675041,0.4736,3.1121,0.5088,-1.4280
2017-10-09,1,137029814,-3.1121,-1.9854,-3.4626,-3.6852
2017-10-10,1,170976172,1.9854,-1.8430,-2.1208,-0.8435
2017-10-11,1,209607533,1.8430,-0.3406,1.2254,2.1922
2017-10-12,1,216997750,0.3406,1.6212,2.6220,4.1441
2017-10-13,1,186726467,-1.6212,0.8613,2.1710,2.9777
2017-10-16,1,171919675,-0.8613,1.2058,1.9486,2.2113
2017-10-17,1,153419689,-1.2058,0.6629,0.8973,-0.2765
2017-10-18,1,143882350,-0.6629,0.2198,-0.8809,-1.7760
2017-10-19,1,140787323,-0.2198,-1.0771,-1.9529,-0.8367
2017-10-20,1,157781741,1.0771,-0.9815,0.2695,0.8810
2017-10-23,1,174953367,0.9815,1.3871,2.0652,-2.0144
2017-10-24,1,153641791,-1.3871,0.5955,-2.9871,-3.7088
2017-10-25,1,145007183,-0.5955,-3.3813,-4.0623,-1.5303
2017-10-26,1,219085997,3.3813,-1.0290,2.7966,4.0318
2017-10-27,1,244215298,1.0290,4.2643,5.6412,7.2710
2017-10-30,1,171206796,-4.2643,0.9653,2.1078,-1.1858
2017-10-31,1,156135662,-0.9653,1.0420,-1.9617,-1.7476
2017-11-01,1,141401550,-1.0420,-2.7202,-2.5263,-2.8756
2017-11-02,1,194238869,2.7202,0.2663,-0.2134,-2.4303
2017-11-03,1,189200119,-0.2663,-0.4673,-2.6267,0.2840
2017-11-06,1,198474795,0.4673,-2.2652,0.7882,0.2863
2017-11-07,1,256600867,2.2652,3.9476,3.2987,4.2272
2017-11-08,1,183974652,-3.9476,-0.4652,0.2005,-0.3432
2017-11-09,1,192951195,0.4652,0.6982,0.1280,0.4419
2017-11-10,1,180359184,-0.6982,-0.5329,-0.2395,-0.9911
2017-11-13,1,190512145,0.5329,0.3099,-0.4840,-1.7132
2017-11-14,1,184785472,-0.3099,-0.7700,-1.9623,-3.4898
2017-11-15,1,200201818,0.7700,-1.2917,-2.9467,0.8051
2017-11-16,1,229897963,1.2917,-1.9004,2.4078,3.0709
2017-11-17,1,283840264,1.9004,5.3192,6.1378,10.9030
2017-11-20,1,185284564,-5.3192,0.5344,3.6450,15.7161
2017-11-21,1,175885379,-0.5344,2.9528,14.4115,0.8326
2017-11-22,1,135789326,-2.9528,8.8465,-1.6369,-2.6762
2017-11-24,1,72050134,-8.8465,-5.5625,-6.1140,-7.1636
2017-11-27,1,162366835,5.5625,-1.2428,-3.6081,-5.0568
2017-11-28,1,185409328,1.2428,-2.7010,-4.3552,-1.0451
2017-11-29,1,254018894,2.7010,-2.2664,2.2686,-1.5996
2017-11-30,1,328462068,2.2664,5.8641,0.8623,5.6742
2017-12-01,1,207047662,-5.8641,-3.1529,-0.1197,1.9165
2017-12-04,1,302387543,3.1529,4.4299,7.4038,6.5293
2017-12-05,1,209555859,-4.4299,2.0609,1.4549,3.2937
2017-12-06,1,173748149,-2.0609,-0.5025,1.0221,0.8867
2017-12-07,1,182940127,0.5025,1.6052,1.4626,-0.0241
2017-12-08,1,157635776,-1.6052,-0.1229,-1.4040,-1.3488
2017-12-11,1,159596785,0.1229,-1.2971,-1.2412,-3.1304
2017-12-12,1,183382654,1.2971,0.0642,-2.1066,-4.2673
2017-12-13,1,182212467,-0.0642,-2.1570,-4.3039,0.0086
2017-12-14,1,232324455,2.1570,-2.7373,2.7612,3.0304
2017-12-15,1,319888797,2.7373,7.5709,7.9416,8.9627
2017-12-18,1,182055684,-7.5709,0.2110,0.7921,0.8762
2017-12-19,1,178294240,-0.2110,0.5691,0.6515,5.0520
2017-12-20,1,168694090,-0.5691,0.0780,4.2415,9.3696
2017-12-21,1,167388636,-0.0780,4.1313,9.2197,6.7450
2017-12-22,1,118452140,-4.1313,3.6008,1.8496,2.8507
2017-12-26,1,87092074,-3.6008,-1.2876,-0.5515,-1.6341
2017-12-27,1,99963332,1.2876,0.8449,-0.3977,-4.0692
2017-12-28,1,92175284,-0.8449,-1.1458,-4.5313,-4.6057
2017-12-29,1,104104024,1.1458,-3.8236,-3.9076,-4.1467
2018-01-02,1,168550172,3.8236,-0.1361,-0.5232,0.5418
2018-01-03,1,170874950,0.1361,-0.3925,0.6872,0.7823
2018-01-04,1,177854929,0.3925,1.1237,1.2227,1.7604
2018-01-05,1,159887913,-1.1237,0.0890,0.5723,0.0392
2018-01-08,1,158477450,-0.0890,0.4790,-0.0493,-0.6547
2018-01-09,1,151232661,-0.4790,-0.5042,-1.0819,-1.2088
2018-01-10,1,159263106,0.5042,-0.6083,-0.7419,-1.2462
2018-01-11,1,169579417,0.6083,-0.1423,-0.6792,1.1911
2018-01-12,1,172026556,0.1423,-0.5447,1.3526,0.2609
2018-01-16,1,181935804,0.5447,2.0065,0.8520,-0.3870
2018-01-17,1,151530484,-2.0065,-0.9616,-1.9935,-1.7330
2018-01-18,1,167652279,0.9616,-1.1417,-0.8535,-0.8347
2018-01-19,1,189259644,1.1417,0.3253,0.3465,-1.3192
2018-01-22,1,183296562,-0.3253,0.0205,-1.5927,-0.0597
2018-01-23,1,182921613,-0.0205,-1.6099,-0.0801,-1.6042
2018-01-24,1,218020196,1.6099,1.8234,0.0068,1.9835
2018-01-25,1,184397733,-1.8234,-1.5364,0.1354,-0.4689
2018-01-26,1,217872387,1.5364,1.9754,1.2614,-0.6366
2018-01-29,1,181933860,-1.9754,-0.5962,-2.1811,0.1297
2018-01-30,1,193469003,0.5962,-1.6853,0.7720,-0.9061
2018-01-31,1,232684019,1.6853,2.9554,0.9372,-1.1168
2018-02-01,1,179604225,-2.9554,-1.5578,-3.1433,-3.7320
2018-02-02,1,212746029,1.5578,-1.8780,-2.5754,0.6441
2018-02-05,1,261938276,1.8780,-0.8586,3.1052,1.0928
2018-02-06,1,286541967,0.8586,4.3362,2.1347,0.0836
2018-02-07,1,199873108,-4.3362,-1.5356,-2.9663,-0.2155
2018-02-08,1,236133428,1.5356,-1.6903,1.5596,5.3316
2018-02-09,1,284165334,1.6903,3.9109,8.4502,5.7489
2018-02-12,1,204275086,-3.9109,3.2631,1.3212,2.9598
2018-02-13,1,154017511,-3.2631,-1.4641,-0.2287,-1.0210
2018-02-14,1,180435416,1.4641,1.4473,0.5191,-1.7656
2018-02-15,1,157622559,-1.4473,-0.8108,-2.8067,-2.3678
2018-02-16,1,171530961,0.8108,-2.1720,-1.6944,0.3912
2018-02-20,1,219123891,2.1720,0.6101,3.2744,5.5851
2018-02-21,1,206523486,-0.6101,2.5111,4.6889,3.3593
2018-02-22,1,165072678,-2.5111,1.7408,0.6780,-2.9738
2018-02-23,1,140597909,-1.7408,-0.9052,-4.0155,-5.1929
2018-02-26,1,154591783,0.9052,-3.4199,-4.7145,-4.0817
2018-02-27,1,234937164,3.4199,-1.9674,-1.0059,-0.6103
2018-02-28,1,292480448,1.9674,1.1971,1.6896,3.9426
2018-03-01,1,261211391,-1.1971,0.4398,2.4520,3.8061
2018-03-02,1,250206624,-0.4398,1.9274,3.2245,2.4333
2018-03-05,1,209775130,-1.9274,1.0875,0.4242,-0.6980
2018-03-06,1,189199403,-1.0875,-0.5983,-1.6104,0.0268
2018-03-07,1,201238597,0.5983,-1.0765,0.6648,1.1992
2018-03-08,1,225515896,1.0765,1.9514,2.5502,3.9762
2018-03-09,1,188693609,-1.9514,0.5010,1.6942,1.4750
2018-03-12,1,179690795,-0.5010,1.1362,0.9275,1.6810
2018-03-13,1,161357174,-1.1362,-0.1874,0.4892,-4.1176
2018-03-14,1,164439132,0.1874,0.6895,-4.0052,-0.8874
2018-03-15,1,153831972,-0.6895,-4.3919,-1.4752,0.6330
2018-03-16,1,274304991,4.3919,5.2009,8.9602,9.1870
2018-03-19,1,180453329,-5.2009,2.4731,2.6223,-1.4976
2018-03-20,1,144674198,-2.4731,0.1197,-3.1834,-2.7686
2018-03-21,1,142963614,-0.1197,-3.2640,-2.8541,-2.3708
2018-03-22,1,212237372,3.2640,0.6085,1.3260,0.4568
2018-03-23,1,200063056,-0.6085,0.6763,-0.1430,-0.5434
2018-03-26,1,187389712,-0.6763,-0.7674,-1.1424,-1.2232
2018-03-27,1,202965555,0.7674,-0.4062,-0.4936,-0.6755
2018-03-28,1,211558084,0.4062,-0.0912,-0.2808,1.3468
2018-03-29,1,213504926,0.0912,-0.1913,1.4512,1.6708
2018-04-02,1,217669681,0.1913,1.6746,1.8985,4.1390
2018-04-03,1,186447274,-1.6746,0.1917,2.1109,0.8701
2018-04-04,1,182939435,-0.1917,1.8830,0.6656,2.4915
2018-04-05,1,153950168,-1.8830,-1.0245,0.5121,-1.1976
2018-04-06,1,171522941,1.0245,1.7120,-0.1928,1.2332
2018-04-09,1,146450834,-1.7120,-1.6264,-0.4088,-0.8536
2018-04-10,1,174895449,1.6264,1.4541,0.9229,2.0676
2018-04-11,1,152692816,-1.4541,-0.4637,0.5356,-0.4515
2018-04-12,1,160117727,0.4637,1.0479,0.0128,-1.6480
2018-04-13,1,144929868,-1.0479,-0.9370,-2.4402,0.0973
2018-04-16,1,159913370,0.9370,-1.6586,1.1412,-0.0630
2018-04-17,1,191710823,1.6586,3.3565,1.9129,0.6631
2018-04-18,1,143533698,-3.3565,-1.0809,-2.0165,0.2259
2018-04-19,1,160927578,1.0809,-1.0491,1.4652,-0.9479
2018-04-20,1,179788382,1.0491,2.8089,0.1130,-0.2128
2018-04-23,1,140362335,-2.8089,-2.1047,-2.3590,-2.8710
2018-04-24,1,177778747,2.1047,-0.3222,-0.9706,-1.5137
2018-04-25,1,183696538,0.3222,-0.6700,-1.2312,-1.5510
2018-04-26,1,196887892,0.6700,-0.6015,-0.9443,1.9758
2018-04-27,1,209489310,0.6015,-0.3647,2.7423,1.9486
2018-04-30,1,217418297,0.3647,3.2246,2.4009,3.4239
2018-05-01,1,164404453,-3.2246,-0.6229,0.1507,1.0682
2018-05-02,1,175325040,0.6229,0.8250,1.8034,1.0991
2018-05-03,1,161963428,-0.8250,0.9038,0.2532,-1.7880
2018-05-04,1,148538122,-0.9038,-0.5967,-2.4687,-1.8466
2018-05-07,1,157963935,0.5967,-1.9908,-1.3292,-0.2835
2018-05-08,1,197228923,1.9908,0.8261,2.1317,4.6074
2018-05-09,1,182178691,-0.8261,1.2060,3.4927,1.6977
2018-05-10,1,162572736,-1.2060,2.0406,0.4388,0.2338
2018-05-11,1,135020215,-2.0406,-1.3303,-1.5006,-0.5012
2018-05-14,1,155738823,1.3303,-0.1964,0.9563,-0.5434
2018-05-15,1,158858975,0.1964,1.1758,-0.3539,0.1455
2018-05-16,1,142144953,-1.1758,-1.3688,-0.9219,-0.1198
2018-05-17,1,164687987,1.3688,0.5178,1.4471,0.1754
2018-05-18,1,156580880,-0.5178,0.8836,-0.3255,-2.3600
2018-05-21,1,143868205,-0.8836,-1.1110,-2.9803,-2.7830
2018-05-22,1,161849585,1.1110,-2.1030,-1.8810,-2.1335
2018-05-23,1,204949970,2.1030,0.2811,-0.0386,1.9045
2018-05-24,1,199346620,-0.2811,-0.3110,1.5790,1.8114
2018-05-25,1,205744360,0.3110,1.9506,2.1905,-0.9755
2018-05-29,1,172162086,-1.9506,0.2007,-2.4485,2.0537
2018-05-30,1,168774604,-0.2007,-2.5971,1.8165,0.1821
2018-05-31,1,227984083,2.5971,5.9620,3.7542,1.9516
2018-06-01,1,142829587,-5.9620,-1.3831,-2.5124,-2.2770
2018-06-04,1,165755895,1.3831,-1.3106,-1.0374,-0.3355
2018-06-05,1,190755422,1.3106,0.3144,1.1222,2.7490
2018-06-06,1,184940841,-0.3144,0.7831,2.3604,1.5300
2018-06-07,1,171509360,-0.7831,1.4627,0.6926,-0.4133
2018-06-08,1,149623701,-1.4627,-0.6718,-1.6366,-4.1633
2018-06-11,1,160399984,0.6718,-1.0343,-3.7429,-2.4897
2018-06-12,1,178903463,1.0343,-3.0211,-1.6233,-3.4983
2018-06-13,1,256348880,3.0211,2.0028,-0.6837,5.2168
2018-06-14,1,213573518,-2.0028,-2.2383,2.6776,1.1363
2018-06-15,1,275163004,2.2383,6.3335,4.3477,-1.2746
2018-06-18,1,168464935,-6.3335,-1.2158,-4.6580,-3.5495
2018-06-19,1,191781777,1.2158,-3.9186,-2.6567,-4.2133
2018-06-20,1,315359246,3.9186,2.0750,-0.4846,4.2359
2018-06-21,1,261167086,-2.0750,-2.1197,1.7896,3.2927
2018-06-22,1,331418175,2.1197,4.9609,6.8683,6.0012
2018-06-25,1,221523202,-4.9609,1.2749,0.6954,0.2578
2018-06-26,1,196474052,-1.2749,-0.5140,-0.9021,0.2020
2018-06-27,1,207120418,0.5140,-0.4092,0.7549,3.4236
2018-06-28,1,215956521,0.4092,1.2137,3.9963,14.7818
2018-06-29,1,192583163,-1.2137,2.4814,12.0996,4.6683
2018-07-02,1,154295509,-2.4814,7.7060,1.7521,1.3375
2018-07-03,1,87143310,-7.7060,-3.3626,-3.5968,-3.8865
2018-07-05,1,131292038,3.3626,-0.3528,-0.7893,-0.6749
2018-07-06,1,136093520,0.3528,-0.4524,-0.3338,-3.0354
2018-07-09,1,142542346,0.4524,0.1242,-2.7054,-2.0234
2018-07-10,1,140793709,-0.1242,-2.7949,-2.1213,-2.1427
2018-07-11,1,195407318,2.7949,0.9348,0.9051,1.2356
2018-07-12,1,178701514,-0.9348,-0.0272,0.2751,-1.3909
2018-07-13,1,179188393,0.0272,0.3031,-1.3674,-0.5406
2018-07-16,1,173917336,-0.3031,-1.6214,-0.8188,-2.5618
2018-07-17,1,207572236,1.6214,0.9578,-1.1224,1.2678
2018-07-18,1,189427973,-0.9578,-1.8984,0.2829,1.8658
2018-07-19,1,233816504,1.8984,2.6925,4.6464,2.3706
2018-07-20,1,184216704,-2.6925,1.5394,-0.2536,0.8135
2018-07-23,1,159641384,-1.5394,-1.5538,-0.6291,-1.8488
2018-07-24,1,189010190,1.5538,1.0949,-0.3493,2.4745
2018-07-25,1,170358074,-1.0949,-1.3017,1.2435,0.4365
2018-07-26,1,195851253,1.3017,2.9260,1.9983,1.7189
2018-07-27,1,151517214,-2.9260,-0.7177,-0.9338,0.1752
2018-07-30,1,163232382,0.7177,-0.2329,0.9620,0.9554
2018-07-31,1,167124029,0.2329,1.2233,1.2166,3.3722
2018-08-01,1,148908144,-1.2233,-0.0060,1.9147,1.7253
2018-08-02,1,148997145,0.0060,1.9218,1.7323,1.3698
2018-08-03,1,124978837,-1.9218,-0.1589,-0.4630,-0.7422
2018-08-06,1,126997192,0.1589,-0.3090,-0.5927,-0.7219
2018-08-07,1,131046533,0.3090,-0.2927,-0.4260,0.3131
2018-08-08,1,134997919,0.2927,-0.1373,0.6241,0.1901
2018-08-09,1,136877837,0.1373,0.7720,0.3320,-1.2631
2018-08-10,1,127068124,-0.7720,-0.4085,-1.8893,-2.0860
2018-08-13,1,132479367,0.4085,-1.5439,-1.7490,-2.8581
2018-08-14,1,156666715,1.5439,-0.2425,-1.5542,-0.0868
2018-08-15,1,160561108,0.2425,-1.3443,0.1596,0.8033
2018-08-16,1,185497204,1.3443,1.7374,2.4812,-0.0347
2018-08-17,1,158038970,-1.7374,0.6336,-1.5098,-1.1426
2018-08-20,1,148621702,-0.6336,-2.0157,-1.6704,-2.5247
2018-08-21,1,186142713,2.0157,0.4325,-0.6375,-2.0067
2018-08-22,1,178425055,-0.4325,-1.0257,-2.3381,-4.3967
2018-08-23,1,198816990,1.0257,-1.4624,-3.7563,4.4887
2018-08-24,1,232872880,1.4624,-2.6869,6.9705,8.4706
2018-08-27,1,318430693,2.6869,13.2055,15.2568,18.3034
2018-08-28,1,137222104,-13.2055,0.8840,2.1968,0.1067
2018-08-29,1,126077321,-0.8840,1.2063,-0.7141,-1.4839
2018-08-30,1,112506187,-1.2063,-1.7137,-2.4005,-3.5768
2018-08-31,1,135773538,1.7137,-0.8289,-2.2485,-1.0783
2018-09-04,1,148045049,0.8289,-1.5479,-0.2719,-0.2287
2018-09-05,1,175156744,1.5479,1.5096,1.5607,2.0740
2018-09-06,1,152182929,-1.5096,0.0444,0.4904,0.3676
2018-09-07,1,151510202,-0.0444,0.4440,0.3218,0.5364
2018-09-10,1,145068982,-0.4440,-0.1170,0.0885,-1.3385
2018-09-11,1,146787046,0.1170,0.2080,-1.2360,0.3132
2018-09-12,1,143796416,-0.2080,-1.4145,0.1031,-0.1507
2018-09-13,1,167487910,1.4145,1.7676,1.4720,1.1146
2018-09-14,1,142329601,-1.7676,-0.2512,-0.5549,0.6657
2018-09-17,1,145996617,0.2512,-0.3116,0.9405,-0.0853
2018-09-18,1,150691943,0.3116,1.2923,0.2335,-5.0112
2018-09-19,1,133446361,-1.2923,-0.9376,-5.5821,-3.7313
2018-09-20,1,147253013,0.9376,-5.1251,-3.0827,-0.4523
2018-09-21,1,302060929,5.1251,4.1894,9.5852,10.8651
2018-09-24,1,212877401,-4.1894,3.8026,4.7047,7.5395
2018-09-25,1,154229512,-3.8026,0.6536,2.7073,0.9002
2018-09-26,1,144768184,-0.6536,1.9278,0.2315,
2018-09-27,1,121370402,-1.9278,-1.4222,,
2018-09-28,1,141492801,1.4222,,,
2017-04-03,2,19643,,10.0194,3.037,12.014
2017-04-04,2,9812,-5.0048,-3.4878,0.996,1.192
2017-04-05,2,15067,5.3557,6.8856,7.186,-3.326
2017-04-06,2,8923,-4.0778,0.1779,-6.048,-4.024
2017-04-07,2,8767,-0.1748,-6.1168,-4.128,-4.914
2017-04-10,2,22577,15.7523,5.1209,3.098,22.782
2017-04-11,2,14931,-3.3866,-1.3378,11.680,-5.555
2017-04-12,2,17237,1.5444,15.0283,-4.868,9.708
2017-04-13,2,6887,-6.0045,-7.9496,-2.126,-7.691
2017-04-17,2,33589,38.7716,28.4050,1.262,16.225
2017-04-18,2,8746,-7.3962,-7.0677,-3.171,-5.120
2017-04-19,2,29826,24.1024,13.2870,6.643,4.664
2017-04-20,2,12808,-5.7058,-2.8531,-3.703,-1.943
2017-04-21,2,17921,3.9920,-1.1893,1.274,2.818
2017-04-24,2,20340,1.3498,2.7957,4.548,-1.444
2017-04-25,2,15896,-2.1849,1.3697,-3.313,-0.026
2017-04-26,2,13981,-1.2047,-4.1190,-1.228,-1.666
2017-04-27,2,23773,7.0038,4.9159,4.171,-3.027
2017-04-28,2,15938,-3.2958,-0.4995,-5.325,0.065
2017-05-01,2,16776,0.5258,-5.0791,0.594,-7.283
2017-05-02,2,34091,10.3213,11.5289,-4.479,7.260
2017-05-03,2,15835,-5.3551,-7.4355,-1.983,-3.605
2017-05-04,2,61748,28.9946,21.2616,14.937,14.149
2017-05-05,2,19752,-6.8012,-2.0233,-2.275,3.764
2017-05-08,2,24762,2.5365,-0.3160,7.255,-2.138
2017-05-09,2,25570,0.3263,7.8176,-1.881,-1.788
2017-05-10,2,14351,-4.3876,-5.4434,-5.391,-8.133
2017-05-11,2,31495,11.9462,0.1143,-5.902,-7.358
2017-05-12,2,31139,-0.1130,-5.9482,-7.388,1.624
2017-05-15,2,76853,14.6806,-3.5527,18.688,5.340
2017-05-16,2,119202,5.5104,34.4966,13.793,20.261
2017-05-17,2,26789,-7.7526,-4.6529,-3.199,5.107
2017-05-18,2,50100,8.7017,2.7186,18.252,3.763
2017-05-19,2,39391,-2.1375,12.2134,0.821,0.788
2017-05-22,2,17733,-5.4982,-5.1286,-5.144,-2.941
2017-05-23,2,36402,10.5278,-0.0309,4.490,0.181
2017-05-24,2,36515,0.0310,4.5351,0.213,3.455
2017-05-25,2,25122,-3.1201,-2.9737,-0.743,0.574
2017-05-26,2,35754,4.2321,3.1749,5.049,2.287
2017-05-30,2,27138,-2.4098,1.4227,-0.674,-1.964
2017-05-31,2,23758,-1.2455,-1.8357,-2.965,-2.045
2017-06-01,2,29100,2.2485,-1.3831,-0.256,1.143
2017-06-02,2,33771,1.6052,1.3075,2.932,-9.740
2017-06-05,2,29866,-1.1563,1.4368,-9.770,-9.801
2017-06-06,2,26114,-1.2563,-9.7992,-9.826,-9.844
2017-06-07,2,1300476,487.9995,-1.3409,-2.240,-3.089
2017-06-08,2,1501856,1.5485,-1.0383,-2.019,-2.067
2017-06-09,2,1675859,1.1586,-1.0947,-1.147,0.580
2017-06-12,2,1881867,1.2293,-0.0593,1.881,1.962
2017-06-13,2,1893087,0.0596,1.9519,2.034,-3.138
2017-06-14,2,1583915,-1.6332,0.0684,-4.259,2.917
2017-06-15,2,1573161,-0.0679,-4.2979,2.829,2.255
2017-06-16,2,2758910,7.5374,12.4990,11.492,9.498
2017-06-19,2,1226237,-5.5554,-0.4477,-1.334,-2.170
2017-06-20,2,1283706,0.4687,-0.9277,-1.803,-6.343
2017-06-21,2,1414969,1.0225,-0.9653,-5.969,-1.222
2017-06-22,2,1566147,1.0684,-5.5386,-0.284,-3.894
2017-06-23,2,3510402,12.4143,11.7769,3.687,2.400
2017-06-26,2,1611984,-5.4080,-3.7150,-4.306,-2.448
2017-06-27,2,2564830,5.9110,-0.9403,2.016,-6.890
2017-06-28,2,2831025,1.0379,3.2635,-6.568,9.947
2017-06-29,2,2134452,-2.4605,-7.4123,5.039,4.835
2017-06-30,2,8248364,28.6439,48.1156,47.329,71.833
2017-07-03,2,1419304,-8.2793,-0.1353,4.081,2.385
2017-07-05,2,1438776,0.1372,4.2743,2.555,-0.805
2017-07-06,2,1007952,-2.9944,-1.2048,-3.559,-3.732
2017-07-07,2,1146021,1.3698,-2.6763,-2.873,-5.400
2017-07-10,2,1564818,3.6544,-0.2689,-3.718,-4.413
2017-07-11,2,1608053,0.2763,-3.5448,-4.259,1.289
2017-07-12,2,2491096,5.4914,-1.1063,7.488,6.099
2017-07-13,2,2800968,1.2439,9.6636,8.102,5.417
2017-07-14,2,1424440,-4.9145,-0.7942,-2.160,0.339
2017-07-17,2,1547321,0.8627,-1.4832,1.231,-0.752
2017-07-18,2,1816795,1.7416,3.1870,0.859,6.555
2017-07-19,2,1377717,-2.4168,-1.7653,2.554,2.475
2017-07-20,2,1673072,2.1438,5.2458,5.150,4.220
2017-07-21,2,1097398,-3.4408,-0.0631,-0.673,-2.599
2017-07-24,2,1104365,0.0635,-0.6139,-2.552,-3.146
2017-07-25,2,1176592,0.6540,-2.0650,-2.698,1.112
2017-07-26,2,1482782,2.6023,-0.7978,4.004,-1.263
2017-07-27,2,1611338,0.8670,5.2182,-0.506,8.577
2017-07-28,2,1058824,-3.4289,-3.7611,2.207,-4.029
2017-07-31,2,1697128,6.0284,9.5656,-0.430,2.738
2017-08-01,2,867404,-4.8890,-5.1088,-3.489,0.012
2017-08-02,2,1773411,10.4450,3.3110,10.469,8.480
2017-08-03,2,1332285,-2.4874,5.3772,3.883,1.425
2017-08-04,2,866401,-3.4969,-0.9717,-2.570,-5.052
2017-08-07,2,959651,1.0763,-1.7707,-4.519,-3.436
2017-08-08,2,1166145,2.1518,-3.3400,-2.024,1.262
2017-08-09,2,1750978,5.0151,1.9767,6.910,5.813
2017-08-10,2,1461993,-1.6504,4.1195,3.203,5.908
2017-08-11,2,1035444,-2.9176,-0.6492,1.266,-2.490
2017-08-14,2,1107331,0.6943,2.0486,-1.969,-4.315
2017-08-15,2,919051,-1.7003,-3.3342,-5.282,-5.658
2017-08-16,2,1378756,5.0020,-2.9214,-3.486,-0.481
2017-08-17,2,1947771,4.1270,-0.7981,3.448,3.438
2017-08-18,2,2116708,0.8673,4.6144,4.604,1.671
2017-08-21,2,1448376,-3.1574,-0.0073,-2.014,4.963
2017-08-22,2,1449436,0.0073,-2.0079,4.974,5.707
2017-08-23,2,1813582,2.5123,8.7355,9.653,16.805
2017-08-24,2,967992,-4.6625,0.4897,4.307,0.574
2017-08-25,2,922805,-0.4668,3.6389,0.080,-2.625
2017-08-28,2,676596,-2.6681,-2.6090,-4.593,-5.563
2017-08-29,2,915438,3.5301,-2.6839,-3.996,-0.495
2017-08-30,2,1251269,3.6685,-1.7941,2.991,-1.465
2017-08-31,2,1524833,2.1863,5.8316,0.401,5.385
2017-09-01,2,963160,-3.6835,-3.4304,-0.282,-3.975
2017-09-05,2,1466096,5.2217,4.7923,-0.828,7.543
2017-09-06,2,991124,-3.2397,-3.7996,1.860,-1.640
2017-09-07,2,1598490,6.1281,9.1275,3.482,3.639
2017-09-08,2,835701,-4.7719,-2.9513,-2.869,-2.224
2017-09-11,2,1185616,4.1871,0.1161,1.032,1.907
2017-09-12,2,1172008,-0.1148,0.9053,1.771,-4.789
2017-09-13,2,1074718,-0.8301,0.7935,-5.222,-4.886
2017-09-14,2,995709,-0.7352,-5.5733,-5.262,-3.685
2017-09-15,2,2249303,12.5900,0.7030,4.267,-0.948
2017-09-18,2,2101569,-0.6568,3.3296,-1.543,-0.022
2017-09-19,2,1576622,-2.4979,-3.6554,-2.515,-0.982
2017-09-20,2,2484989,5.7615,1.7981,4.213,0.429
2017-09-21,2,2106267,-1.5240,2.0469,-1.161,1.468
2017-09-22,2,1748382,-1.6991,-2.6625,-0.481,-3.499
2017-09-25,2,2382791,3.6285,2.9732,-1.140,7.592
2017-09-26,2,1836705,-2.2918,-3.1706,3.561,-2.124
2017-09-27,2,2689412,4.6426,9.8563,1.533,-8.740
2017-09-28,2,1354436,-4.9638,-4.1919,-9.365,-9.234
2017-09-29,2,2331963,7.2172,-8.9070,-8.682,-9.137
2017-10-02,2,21336087,81.4941,2.0612,-2.102,1.804
2017-10-03,2,17689897,-1.7089,-3.4517,-0.214,-1.117
2017-10-04,2,27014569,5.2712,4.9450,3.566,5.862
2017-10-05,2,18076030,-3.3088,-0.9230,0.614,2.302
2017-10-06,2,19914152,1.0169,1.6931,3.553,1.641
2017-10-09,2,17030634,-1.4480,1.5903,-0.044,0.476
2017-10-10,2,14693920,-1.3721,-1.4104,-0.961,-4.115
2017-10-11,2,17106636,1.6420,0.5229,-3.149,-0.946
2017-10-12,2,16256535,-0.4969,-3.4890,-1.396,-1.384
2017-10-13,2,24967916,5.3587,3.2151,3.234,3.812
2017-10-16,2,18893540,-2.4329,0.0141,0.452,2.257
2017-10-17,2,18866939,-0.0141,0.4368,2.240,2.619
2017-10-18,2,18077287,-0.4185,1.7275,2.091,3.963
2017-10-19,2,15414383,-1.4731,0.3099,1.906,-0.640
2017-10-20,2,14951101,-0.3006,1.5485,-0.922,-0.824
2017-10-23,2,12946376,-1.3409,-2.1389,-2.055,-3.196
2017-10-24,2,16468883,2.7208,0.1071,-1.345,-0.071
2017-10-25,2,16294371,-0.1060,-1.4369,-0.176,-1.622
2017-10-26,2,19028555,1.6780,1.4721,-0.216,-4.736
2017-10-27,2,16586750,-1.2832,-1.4716,-5.412,-4.191
2017-10-30,2,19448782,1.7255,-4.6198,-3.189,-2.915
2017-10-31,2,36148983,8.5868,2.6596,3.168,4.531
2017-11-01,2,28554549,-2.1009,0.4015,1.478,2.975
2017-11-02,2,27452293,-0.3860,1.0354,2.474,-1.173
2017-11-03,2,24876659,-0.9382,1.3040,-2.001,-1.038
2017-11-06,2,22006904,-1.1536,-2.9236,-2.072,-1.380
2017-11-07,2,31099193,4.1316,1.2034,2.181,4.793
2017-11-08,2,27758798,-1.0741,0.8730,3.204,1.943
2017-11-09,2,25530004,-0.8029,2.1436,0.984,1.856
2017-11-10,2,21023373,-1.7652,-0.9549,-0.237,0.907
2017-11-13,2,23242787,1.0557,0.7940,2.058,0.576
2017-11-14,2,21533135,-0.7356,1.1714,-0.202,1.134
2017-11-15,2,19275240,-1.0486,-1.2296,-0.034,-1.032
2017-11-16,2,21977536,1.4020,1.3634,0.226,1.008
2017-11-17,2,19340627,-1.1998,-1.0012,-0.313,2.160
2017-11-20,2,21492369,1.1126,0.7652,3.513,16.676
2017-11-21,2,19964641,-0.7108,2.5520,14.779,1.394
2017-11-22,2,15905521,-2.0332,9.7414,-0.922,-1.779
2017-11-24,2,8056940,-4.9345,-5.4017,-5.836,-6.441
2017-11-27,2,17521703,11.7473,-0.9438,-2.260,-4.481
2017-11-28,2,19347741,1.0422,-1.4530,-3.906,-2.483
2017-11-29,2,22636944,1.7000,-2.8704,-1.205,-1.364
2017-11-30,2,31750586,4.0260,2.3357,2.113,5.167
2017-12-01,2,25738767,-1.8935,-0.1803,2.295,3.861
2017-12-04,2,26211247,0.1836,2.5206,4.116,2.592
2017-12-05,2,20934562,-2.0131,1.2740,0.057,-0.621
2017-12-06,2,18568854,-1.1300,-1.0796,-1.681,0.183
2017-12-07,2,20816067,1.2102,-0.6745,1.416,-3.155
2017-12-08,2,22321679,0.7233,2.2413,-2.660,-0.946
2017-12-11,2,18234693,-1.8309,-4.0042,-2.603,-4.508
2017-12-12,2,30412649,6.6785,2.3363,-0.840,-4.407
2017-12-13,2,24652885,-1.8939,-2.5744,-5.466,0.166
2017-12-14,2,33199926,3.4670,-3.8942,3.691,3.631
2017-12-15,2,54374435,6.3779,12.4231,12.325,16.432
2017-12-18,2,24249312,-5.5403,-0.0439,1.788,3.599
2017-12-19,2,24356328,0.0441,1.8400,3.659,3.133
2017-12-20,2,20571224,-1.5541,1.5360,1.092,9.051
2017-12-21,2,17832131,-1.3315,-0.3846,6.515,3.582
2017-12-22,2,18545422,0.4000,7.1754,4.125,5.050
2017-12-26,2,10797695,-4.1777,-1.7759,-1.237,-2.899
2017-12-27,2,13129378,2.1594,0.6550,-1.365,-5.788
2017-12-28,2,12322317,-0.6147,-1.8962,-6.047,-4.626
2017-12-29,2,15205687,2.3400,-5.1220,-3.369,-3.706
2018-01-02,2,31171917,10.5002,3.5945,2.903,3.553
2018-01-03,2,22929767,-2.6441,-0.5086,-0.030,0.363
2018-01-04,2,24158568,0.5359,0.5038,0.919,0.838
2018-01-05,2,22999742,-0.4797,0.3951,0.319,-0.428
2018-01-08,2,22125659,-0.3800,-0.0736,-0.792,-0.653
2018-01-09,2,22289730,0.0742,-0.7238,-0.584,2.383
2018-01-10,2,24028950,0.7803,0.1509,3.349,-2.400
2018-01-11,2,23671760,-0.1486,3.1504,-2.513,-1.043
2018-01-12,2,18000856,-2.3956,-4.3068,-3.188,-3.341
2018-01-16,2,31618151,7.5648,1.9644,1.696,1.083
2018-01-17,2,26426749,-1.6419,-0.2243,-0.737,1.157
2018-01-18,2,27033210,0.2295,-0.5245,1.414,0.654
2018-01-19,2,28529492,0.5535,2.0452,1.244,1.724
2018-01-22,2,23685292,-1.6980,-0.6651,-0.267,2.030
2018-01-23,2,25372837,0.7125,0.4265,2.887,2.250
2018-01-24,2,24334994,-0.4090,2.3601,1.749,0.917
2018-01-25,2,19688407,-1.9094,-0.4944,-1.167,-1.442
2018-01-26,2,20712406,0.5201,-0.7081,-0.997,-3.525
2018-01-29,2,22290705,0.7620,-0.3105,-3.032,-0.272
2018-01-30,2,23005058,0.3205,-2.8086,0.040,-0.076
2018-01-31,2,31989611,3.9055,3.9613,3.800,-0.489
2018-02-01,2,22913142,-2.8373,-0.1152,-3.188,-4.095
2018-02-02,2,23180265,0.1166,-3.1085,-4.026,-1.418
2018-02-05,2,33635909,4.5106,-1.3311,2.452,0.734
2018-02-06,2,38800732,1.5355,4.3645,2.382,1.151
2018-02-07,2,27011554,-3.0384,-1.3800,-2.237,-0.312
2018-02-08,2,31335752,1.6009,-0.9947,1.239,8.002
2018-02-09,2,34797147,1.1046,2.4807,9.991,6.301
2018-02-12,2,27880871,-1.9876,6.0174,3.061,0.729
2018-02-13,2,17406580,-3.7568,-1.8456,-3.302,-2.408
2018-02-14,2,21346350,2.2634,-1.7859,-0.690,-2.790
2018-02-15,2,25987569,2.1742,1.3345,-1.222,-1.871
2018-02-16,2,22927856,-1.1774,-2.2554,-2.828,-1.427
2018-02-20,2,29605002,2.9122,-0.7394,1.069,1.850
2018-02-21,2,31968796,0.7984,1.9532,2.796,-0.768
2018-02-22,2,26745072,-1.6340,0.7051,-2.277,-0.725
2018-02-23,2,24983426,-0.6587,-2.7855,-1.336,-2.252
2018-02-26,2,34629621,3.8610,2.0093,0.739,3.369
2018-02-27,2,28835706,-1.6731,-1.0575,1.132,2.994
2018-02-28,2,32245650,1.1825,2.4482,4.531,-1.587
2018-03-01,2,25903803,-1.9667,1.6728,-3.242,-1.079
2018-03-02,2,22191684,-1.4330,-4.2102,-2.357,-0.700
2018-03-05,2,38328945,7.2718,3.2003,6.063,4.877
2018-03-06,2,29036521,-2.4244,2.1690,1.270,-0.204
2018-03-07,2,23861099,-1.7824,-0.7387,-1.950,-1.081
2018-03-08,2,25764333,0.7976,-1.3078,-0.369,3.511
2018-03-09,2,29640749,1.5046,1.0799,5.544,3.607
2018-03-12,2,26751726,-0.9747,4.0286,2.281,-2.591
2018-03-13,2,19069447,-2.8717,-1.2458,-4.719,-6.370
2018-03-14,2,21783238,1.4231,-3.9672,-5.854,-1.446
2018-03-15,2,36108017,6.5761,-3.1272,4.179,9.892
2018-03-16,2,52537770,4.5502,10.6301,18.943,13.467
2018-03-19,2,25466534,-5.1527,4.0293,1.375,2.391
2018-03-20,2,18152439,-2.8720,-1.8918,-1.167,-1.626
2018-03-21,2,22387698,2.3332,0.8934,0.328,1.601
2018-03-22,2,20551655,-0.8201,-0.5193,0.649,-1.682
2018-03-23,2,21677372,0.5478,1.2325,-1.226,-0.680
2018-03-26,2,19298824,-1.0972,-2.1887,-1.703,-2.424
2018-03-27,2,24706266,2.8020,0.6219,-0.301,0.037
2018-03-28,2,23259716,-0.5855,-0.8692,-0.551,-3.478
2018-03-29,2,25474022,0.9520,0.3486,-2.857,-1.180
2018-04-02,2,24616006,-0.3368,-3.0974,-1.477,-1.381
2018-04-03,2,35661986,4.4873,2.3468,2.486,4.800
2018-04-04,2,28883506,-1.9008,0.1129,1.987,-0.989
2018-04-05,2,28560993,-0.1117,1.8533,-1.090,-0.483
2018-04-06,2,24095296,-1.5636,-2.4829,-1.971,0.580
2018-04-09,2,32053853,3.3030,0.6805,4.075,4.907
2018-04-10,2,30011500,-0.6372,3.1783,3.957,7.851
2018-04-11,2,22773488,-2.4117,0.5908,3.546,1.246
2018-04-12,2,21503079,-0.5578,2.7903,0.618,1.178
2018-04-13,2,16811969,-2.1816,-1.6982,-1.261,-1.722
2018-04-16,2,20251088,2.0456,0.5270,-0.028,1.389
2018-04-17,2,19237245,-0.5006,-0.5273,0.818,-0.780
2018-04-18,2,20308197,0.5567,1.4207,-0.266,-0.127
2018-04-19,2,17781843,-1.2440,-1.4773,-1.355,-1.338
2018-04-20,2,20864044,1.7333,0.1432,0.164,0.038
2018-04-23,2,20569393,-0.1412,0.0204,-0.104,-0.076
2018-04-24,2,20527481,-0.0204,-0.1239,-0.096,2.666
2018-04-25,2,20784979,0.1254,0.0279,2.825,-1.964
2018-04-26,2,20727093,-0.0278,2.7888,-1.986,-0.461
2018-04-27,2,16207196,-2.1807,-3.7337,-2.542,-3.583
2018-04-30,2,25864201,5.9585,1.9026,0.241,-0.368
2018-05-01,2,21729915,-1.5985,-1.3959,-1.907,0.668
2018-05-02,2,25255239,1.6223,-0.5945,2.398,-1.038
2018-05-03,2,26851609,0.6321,3.1820,-0.472,-2.294
2018-05-04,2,20369891,-2.4139,-2.7717,-4.154,-2.563
2018-05-07,2,28180718,3.8345,-1.9130,0.289,5.262
2018-05-08,2,34846965,2.3655,2.7232,8.872,8.556
2018-05-09,2,27388577,-2.1403,4.8327,4.584,2.263
2018-05-10,2,18464957,-3.2582,-0.1676,-1.732,-2.582
2018-05-11,2,18779698,0.1705,-1.5913,-2.455,-1.995
2018-05-14,2,22333656,1.8924,-1.0277,-0.480,0.271
2018-05-15,2,24891767,1.1454,0.6100,1.447,2.014
2018-05-16,2,23460626,-0.5749,0.7893,1.323,1.066
2018-05-17,2,21744397,-0.7315,0.4945,0.256,1.022
2018-05-18,2,20719739,-0.4712,-0.2271,0.503,0.007
2018-05-21,2,21201189,0.2324,0.7468,0.239,-0.742
2018-05-22,2,19727937,-0.6949,-0.4720,-1.385,-0.822
2018-05-23,2,20705305,0.4954,-0.9585,-0.368,-3.842
2018-05-24,2,22900246,1.0601,0.6536,-3.189,-0.443
2018-05-25,2,21495397,-0.6135,-3.6068,-1.029,-2.779
2018-05-29,2,33622049,5.6415,4.0317,1.294,4.475
2018-05-30,2,23961477,-2.8733,-1.9511,0.316,1.623
2018-05-31,2,29769810,2.4240,2.8164,4.441,1.725
2018-06-01,2,23227843,-2.1975,1.2672,-0.852,-5.990
2018-06-04,2,20615455,-1.1247,-1.8805,-6.441,-0.428
2018-06-05,2,25390141,2.3161,-5.6172,1.789,4.976
2018-06-06,2,57930767,12.8162,16.8985,24.169,21.936
2018-06-07,2,21536808,-6.2823,2.7031,1.873,3.676
2018-06-08,2,16953941,-2.1279,-0.6537,0.766,-1.774
2018-06-11,2,18139820,0.6995,1.5189,-1.198,-0.938
2018-06-12,2,15747937,-1.3186,-2.3587,-2.133,-5.127
2018-06-13,2,20608965,3.0868,0.2952,-3.623,0.344
2018-06-14,2,20018030,-0.2867,-3.8062,0.048,-1.262
2018-06-15,2,32319244,6.1451,6.2219,4.107,9.120
2018-06-18,2,19923218,-3.8355,-1.3037,1.787,0.691
2018-06-19,2,22910070,1.4992,3.5536,2.294,-2.439
2018-06-20,2,16903363,-2.6219,-0.9295,-4.421,-0.082
2018-06-21,2,18635594,1.0248,-3.8497,0.935,1.206
2018-06-22,2,30300193,6.2593,7.7787,8.220,7.837
2018-06-25,2,17042930,-4.3753,0.2484,0.033,-1.639
2018-06-26,2,16629816,-0.2424,-0.2103,-1.842,-1.103
2018-06-27,2,16987078,0.2148,-1.6669,-0.912,-0.600
2018-06-28,2,20385044,2.0003,0.9064,1.280,10.901
2018-06-29,2,18690898,-0.8311,0.3425,9.164,1.753
2018-07-02,2,18071890,-0.3312,8.5296,1.363,3.212
2018-07-03,2,9752986,-4.6032,-3.8674,-2.870,-4.149
2018-07-05,2,15903571,6.3064,1.6264,-0.459,-1.130
2018-07-06,2,13678864,-1.3989,-1.7940,-2.370,-1.885
2018-07-09,2,16669444,2.1863,-0.7023,-0.111,1.682
2018-07-10,2,17928619,0.7554,0.6358,2.564,4.102
2018-07-11,2,16856844,-0.5978,1.8134,3.259,0.519
2018-07-12,2,14269308,-1.5350,1.2234,-1.096,-2.118
2018-07-13,2,12713836,-1.0901,-2.0663,-2.977,-1.903
2018-07-16,2,16025038,2.6044,-1.1477,0.206,0.735
2018-07-17,2,18102650,1.2965,1.5292,2.127,2.806
2018-07-18,2,15701551,-1.3264,0.5181,1.107,0.327
2018-07-19,2,14928128,-0.4926,0.5603,-0.182,-4.538
2018-07-20,2,14136088,-0.5306,-0.7030,-4.828,-2.941
2018-07-23,2,15204951,0.7561,-4.4366,-2.407,-1.407
2018-07-24,2,27330531,7.9748,3.6482,5.446,6.554
2018-07-25,2,20025071,-2.6730,1.3172,2.129,-0.372
2018-07-26,2,17694444,-1.1639,0.7174,-1.492,-4.396
2018-07-27,2,16509942,-0.6694,-2.0617,-4.772,-3.688
2018-07-30,2,20797886,2.5972,-3.4137,-2.049,-3.904
2018-07-31,2,31577417,5.1830,2.0719,-0.744,2.938
2018-08-01,2,26157742,-1.7163,-2.3330,0.718,-0.066
2018-08-02,2,34117440,3.0430,3.9788,2.957,-0.225
2018-08-03,2,24406498,-2.8463,-0.7313,-3.007,2.697
2018-08-06,2,26332110,0.7890,-2.4554,3.699,3.439
2018-08-07,2,34902011,3.2545,8.1571,7.813,10.140
2018-08-08,2,19222202,-4.4925,-0.1896,1.092,1.230
2018-08-09,2,19593701,0.1933,1.3064,1.447,2.122
2018-08-10,2,17329749,-1.1554,0.1247,0.721,-1.516
2018-08-13,2,17116356,-0.1231,0.5892,-1.620,-1.183
2018-08-14,2,16163906,-0.5565,-2.0864,-1.674,-3.751
2018-08-15,2,20425594,2.6365,0.5217,-2.104,-0.626
2018-08-16,2,19412914,-0.4958,-2.4952,-1.090,-1.244
2018-08-17,2,25867220,3.3247,1.8718,1.667,5.687
2018-08-20,2,21788832,-1.5767,-0.1727,3.214,2.540
2018-08-21,2,22171790,0.1758,3.4458,2.760,4.986
2018-08-22,2,16489747,-2.5627,-0.5098,1.146,-1.663
2018-08-23,2,17375492,0.5371,1.7445,-1.215,-0.616
2018-08-24,2,14794523,-1.4854,-2.5199,-2.010,-2.511
2018-08-27,2,19778416,3.3687,0.6818,0.012,2.986
2018-08-28,2,18516002,-0.6383,-0.6267,2.157,-0.905
2018-08-29,2,19754010,0.6686,2.9701,-0.297,0.664
2018-08-30,2,15230387,-2.2900,-2.5190,-1.778,-3.313
2018-08-31,2,20358749,3.3672,0.9902,-1.062,2.240
2018-09-04,2,18524534,-0.9009,-1.8671,1.138,1.698
2018-09-05,2,22777391,2.2958,3.6946,4.383,4.950
2018-09-06,2,16632352,-2.6979,0.5028,0.917,-0.962
2018-09-07,2,15836137,-0.4787,0.3942,-1.395,-0.220
2018-09-10,2,15235521,-0.3793,-1.7212,-0.591,0.955
2018-09-11,2,18403016,2.0790,1.3650,3.233,4.866
2018-09-12,2,16192642,-1.2011,1.6434,3.080,-2.602
2018-09-13,2,13907155,-1.4114,1.2342,-3.646,-2.186
2018-09-14,2,12379261,-1.0986,-4.3440,-3.044,-2.169
2018-09-17,2,21886826,7.6802,2.2983,3.845,3.810
2018-09-18,2,17796670,-1.8688,1.2579,1.229,-3.795
2018-09-19,2,15808211,-1.1173,-0.0254,-4.488,1.886
2018-09-20,2,15848462,0.0255,-4.4744,1.917,-0.769
2018-09-21,2,28681860,8.0976,11.5661,6.707,7.517
2018-09-24,2,13299489,-5.3631,-2.2533,-1.877,-1.120
2018-09-25,2,17167956,2.9087,0.4851,1.462,-0.546
2018-09-26,2,16373606,-0.4627,0.9321,-0.983,
2018-09-27,2,14977518,-0.8526,-1.7519,,
2018-09-28,2,18158829,2.1241,,,