Date,jade date,y-val,sales,walmart,amazon,store,stores,retail,brands,retailer,earnings,quarter,chain,starbucks,percent,brand,analysts,cnbc,delivery,macy,online,company,revenue,customers,retailers,farmers,shares,grocery,apparel,services,fashion,nordstrom,locations,shoppers,agriculture,producers,commerce,crop,kroger,shopping,restaurant,alibaba,digital,straws,buy,expectations,sears,quarterly,agricultural,rose,clothing,prime,platform,growth,restaurants,coffee,deal,trump,google,street,grew,farm,rivals,trading,share,inventory,firm,paper,fiscal,customer,soybeans,maker,hong,kong,alberta,crops,giant,adjusted,ceo,price,soybean,chains,shop,bringing,tencent,compete,buying,line,burger,cattle,profit,feed,penney,june,expects,consumers,reported,technology,wall,farms,cramer,dunkin
2017-11-09,2017-11-09,12.21961581,0,0,0,0,0,0,0,0,0,0,0,0,0,0,0,0,1,0,1,2,1,1,0,0,0,0,0,0,0,0,0,0,0,0,0,0,0,0,0,0,4,0,0,0,0,0,0,0,0,0,1,0,0,0,0,0,0,0,0,0,0,0,0,0,0,0,0,3,0,0,0,0,0,0,0,0,0,0,0,0,0,0,0,0,0,0,0,0,0,0,0,0,0,1,1,0,0,0,0,0
2017-11-10,2017-11-10,11.40657003,1,0,3,0,0,2,1,0,4,5,0,0,10,0,1,0,0,0,1,12,0,0,0,1,3,0,0,0,2,0,1,0,0,0,0,0,0,0,1,0,1,0,3,0,0,0,0,1,0,1,0,9,1,0,1,6,2,1,1,0,0,12,16,0,0,0,0,0,0,0,1,1,0,0,0,1,0,7,0,0,0,0,0,0,1,2,0,0,4,0,0,3,0,0,3,7,1,0,0,0
2017-11-11,,,0,0,0,0,0,0,0,2,0,0,0,0,0,0,0,0,0,0,0,2,0,3,0,0,0,0,0,0,0,0,0,0,0,0,0,0,0,0,0,0,0,0,1,1,0,0,0,0,0,0,0,0,0,0,2,0,0,0,1,0,1,0,0,0,0,1,0,0,0,2,0,0,0,0,0,0,0,1,0,0,0,0,0,0,0,0,0,0,0,0,0,0,0,0,0,1,0,0,0,0
2017-11-12,,,1,0,0,0,0,1,0,0,0,0,0,0,10,0,0,1,0,0,0,2,2,0,0,0,0,0,0,3,0,0,0,0,0,0,1,0,0,0,0,0,0,0,0,0,0,0,0,0,0,1,0,0,0,0,1,3,0,0,0,0,0,1,5,0,0,0,0,0,0,0,2,2,0,0,0,0,0,0,0,0,0,0,0,0,0,0,0,0,0,0,0,0,1,0,1,0,0,0,0,0
2017-11-13,2017-11-13,11.10485269,3,0,0,1,2,4,1,0,1,4,2,1,12,0,1,1,0,0,4,8,2,0,6,0,0,0,2,2,0,0,0,1,0,0,1,0,0,9,0,2,1,0,2,3,2,1,0,1,0,2,1,32,0,0,13,12,0,5,0,0,1,2,9,0,0,1,4,2,0,0,0,0,0,0,0,0,6,6,0,2,0,0,1,0,4,1,0,0,1,0,0,2,0,5,4,0,4,0,0,0
2017-11-14,2017-11-14,11.27574925,8,2,3,3,12,6,0,2,8,5,1,0,50,1,11,3,7,0,12,7,4,5,3,0,3,4,1,4,1,0,0,1,0,3,0,0,0,3,2,3,0,0,7,3,0,0,0,2,0,4,1,21,3,0,5,2,1,2,2,0,0,4,8,1,2,0,11,1,0,1,1,1,0,0,0,0,0,9,0,1,0,2,0,0,4,2,0,0,2,0,0,4,2,1,2,5,4,0,0,0
2017-11-15,2017-11-15,10.22957877,9,0,0,2,0,1,2,0,0,1,1,0,30,1,2,0,0,0,5,7,6,1,0,0,1,0,0,0,0,0,0,0,1,0,0,0,0,0,0,2,12,0,4,1,0,0,0,1,0,6,0,8,0,0,8,1,0,1,0,0,1,1,7,0,4,1,3,0,0,1,0,0,0,0,1,0,1,11,0,1,0,0,0,1,1,1,0,0,1,0,0,3,0,0,0,2,0,0,0,0
2017-11-16,2017-11-16,12.86967064,22,5,2,3,3,4,8,3,10,8,5,0,48,0,8,0,3,0,7,37,14,11,4,1,9,1,1,3,1,1,0,2,0,0,0,0,0,2,7,0,1,0,8,9,0,1,3,5,3,5,2,28,13,2,8,13,1,9,2,1,1,5,18,4,1,2,8,5,0,0,2,1,0,3,2,1,6,19,0,4,0,1,1,1,1,7,8,0,7,2,0,3,1,5,6,19,4,2,0,0
2017-11-17,2017-11-17,14.168064,22,3,5,1,8,14,6,7,20,12,7,0,69,3,8,4,1,0,2,47,17,16,8,0,15,1,4,12,2,0,0,2,2,1,1,0,0,2,0,0,1,0,7,9,0,5,2,12,1,1,0,36,0,1,11,9,0,8,5,2,2,6,28,2,4,0,12,4,0,2,0,0,0,0,0,7,6,7,0,1,0,0,0,0,2,3,1,0,6,0,0,8,0,1,9,7,5,0,7,0
2017-11-18,,,0,0,0,0,0,0,0,0,0,0,0,0,0,0,2,0,0,0,0,0,0,0,0,0,1,0,0,2,0,0,0,0,0,0,0,0,0,0,0,0,0,0,0,2,0,0,0,1,0,0,0,1,0,0,3,2,0,0,0,0,0,0,1,0,1,0,0,0,0,0,0,0,0,0,0,0,0,0,0,0,0,0,0,0,0,0,0,0,0,0,0,0,0,0,0,0,0,0,0,0
2017-11-19,,,2,0,0,0,0,0,0,0,1,0,2,0,19,0,0,0,0,0,0,1,0,0,0,0,1,0,0,2,0,0,1,0,0,0,0,0,0,0,0,0,2,0,0,0,0,0,0,2,0,0,0,4,0,0,1,4,0,0,0,0,0,3,3,0,1,0,0,0,0,0,3,1,0,0,0,0,0,1,0,0,0,1,0,1,0,2,0,0,1,0,0,0,1,0,0,1,0,0,0,0
2017-11-20,2017-11-20,8.819496559,9,0,0,1,0,0,4,0,1,2,6,0,34,4,5,24,1,0,1,12,5,2,1,2,4,0,0,3,0,0,0,0,0,2,1,1,0,0,0,0,6,0,8,1,0,1,1,5,0,5,0,9,0,0,11,8,4,4,0,0,1,3,7,0,4,2,1,0,0,1,13,13,0,0,1,0,3,12,0,0,2,1,0,1,3,2,0,0,3,0,0,0,0,5,2,2,0,0,0,0
2017-11-21,2017-11-21,10.64469524,10,2,21,4,4,4,2,0,1,6,3,0,24,7,2,0,1,0,4,9,3,1,2,0,3,2,0,7,4,0,2,10,0,0,2,0,0,6,0,0,3,0,3,1,0,2,0,3,0,3,2,18,0,0,12,2,4,1,0,0,3,1,6,0,0,0,6,1,0,0,0,0,0,0,1,0,0,7,0,1,4,1,0,1,1,1,0,0,1,0,0,1,2,4,2,2,0,0,0,0
2017-11-22,2017-11-22,6.684276697,15,10,6,12,13,8,2,0,12,6,3,0,19,1,3,1,0,0,7,6,5,2,10,0,8,1,3,3,0,0,0,2,0,0,0,0,0,4,1,1,1,0,5,1,2,2,0,10,1,1,1,23,2,0,1,9,2,1,0,0,5,3,5,1,0,1,4,2,0,0,2,1,0,1,0,1,4,4,0,10,3,2,2,0,2,1,0,0,2,0,10,2,5,0,4,4,1,0,0,0
2017-11-23,,,3,0,3,0,0,0,0,0,0,1,0,0,3,0,0,0,0,0,0,2,1,0,0,0,5,0,0,6,0,0,0,0,0,0,0,0,0,0,0,5,7,0,0,1,0,0,0,0,0,1,0,4,0,0,0,3,1,0,0,0,0,3,18,0,8,2,0,0,0,1,2,2,1,0,0,0,0,2,0,0,1,0,3,1,3,1,0,0,0,0,0,3,0,0,0,4,0,0,0,0
2017-11-24,2017-11-24,0.343336799,4,0,5,1,2,8,0,0,1,1,0,0,21,1,0,1,0,1,7,1,2,0,8,0,5,0,0,0,0,1,0,6,0,0,2,0,0,5,0,3,1,0,1,0,0,0,0,1,0,4,2,8,0,1,1,3,1,4,2,0,0,8,5,1,1,0,1,1,0,0,2,2,0,0,0,1,0,6,0,0,3,0,3,0,1,2,0,0,0,0,1,3,0,4,1,2,0,0,0,0
2017-11-25,,,0,0,0,0,0,0,0,0,0,0,0,0,0,0,0,0,0,0,1,0,0,0,0,0,0,0,0,0,0,0,0,0,0,0,0,0,0,0,0,0,1,0,0,0,0,0,0,0,0,0,0,0,0,0,0,0,0,0,0,0,0,0,0,0,0,0,2,0,0,0,0,0,0,0,0,0,0,0,0,0,0,0,0,0,0,0,0,0,0,0,0,0,0,0,0,0,0,0,0,0
2017-11-26,,,0,0,0,0,0,0,0,1,0,0,0,0,1,0,0,0,0,0,0,1,0,0,0,0,0,0,0,2,1,0,0,0,0,0,1,0,0,1,0,0,1,0,0,2,0,0,0,2,0,2,0,5,0,0,3,0,0,0,0,0,0,1,1,0,0,0,0,0,0,0,1,1,0,0,0,1,0,1,0,0,0,0,0,0,0,0,0,0,0,0,0,0,0,0,0,0,0,0,0,0
2017-11-27,2017-11-27,8.98369673,21,33,27,5,7,17,1,11,0,5,5,0,50,0,18,1,1,0,47,10,4,4,14,0,14,0,3,1,1,0,1,7,0,4,0,0,0,10,0,0,6,0,6,2,0,2,0,4,2,2,0,20,0,0,5,4,2,7,2,0,5,2,11,1,9,2,6,1,0,0,0,0,0,0,1,0,4,17,0,0,1,1,0,2,4,0,0,0,2,0,1,0,2,5,8,3,5,0,0,0
2017-11-28,2017-11-28,12.71745152,5,0,0,2,0,7,1,0,5,5,1,0,37,0,2,0,0,0,1,7,8,1,0,3,11,0,0,8,0,1,0,0,1,1,5,0,0,1,5,0,5,0,9,1,0,2,1,3,0,5,1,24,1,0,9,9,1,0,1,0,1,10,8,2,4,1,11,1,0,1,17,14,0,0,1,0,3,6,0,1,0,0,0,0,3,1,1,0,1,0,0,1,0,3,3,5,0,0,0,0
2017-11-29,2017-11-29,17.1477614,9,0,3,6,5,7,7,2,2,7,0,0,44,2,3,2,6,0,5,18,5,7,4,0,8,0,4,5,1,1,0,4,0,1,1,0,0,1,0,0,3,0,4,1,1,0,0,4,5,5,5,27,0,0,11,9,0,2,1,0,2,3,2,1,8,0,6,3,0,3,1,1,0,0,1,2,3,7,0,1,2,1,3,0,0,7,0,0,5,1,1,2,0,2,5,4,3,0,0,0
2017-11-30,2017-11-30,22.54532106,9,0,6,2,0,5,0,6,2,2,1,0,57,0,5,3,2,0,4,23,11,1,0,0,16,0,2,7,0,0,0,0,2,0,0,0,0,0,2,0,1,0,4,3,2,7,0,2,2,14,4,7,1,0,14,7,6,7,1,0,0,3,19,0,6,0,0,0,0,5,27,19,0,0,0,6,4,8,0,2,2,0,0,0,3,5,0,0,6,1,0,2,2,3,7,12,5,0,0,0
2017-12-01,2017-12-01,18.19149093,0,1,0,0,0,0,0,2,3,0,0,0,12,0,1,1,0,0,1,1,3,1,1,0,0,0,0,2,0,0,0,1,0,0,0,0,0,0,1,0,2,0,3,0,0,0,0,0,0,0,0,6,1,0,2,2,0,0,0,0,1,1,1,0,1,0,0,0,0,0,0,0,0,0,0,0,1,1,0,0,0,0,0,0,1,1,0,0,0,0,0,0,0,0,0,5,0,0,0,0
2017-12-02,,,0,0,0,0,0,0,0,0,2,0,0,0,11,0,0,0,0,0,0,0,0,0,0,0,0,0,0,0,0,0,0,0,0,0,0,0,0,0,0,0,0,0,0,0,0,0,0,0,0,0,0,1,0,0,0,3,0,0,0,0,0,0,2,0,0,0,0,0,0,0,0,0,0,0,0,0,0,0,0,0,0,0,0,0,0,0,0,0,0,0,0,0,0,0,0,0,0,0,0,0
2017-12-03,,,0,0,0,0,0,0,0,0,1,0,0,0,0,0,0,0,0,0,0,0,0,0,0,0,0,0,0,0,0,0,0,0,0,0,0,0,0,0,0,0,0,0,0,0,0,0,0,1,0,1,0,0,0,0,1,0,0,1,0,0,0,0,0,0,0,0,0,2,0,0,2,2,0,0,0,0,0,0,0,0,0,0,0,0,0,0,0,0,0,0,0,0,0,0,1,3,0,0,0,0
2017-12-04,2017-12-04,24.62968579,4,1,1,0,1,2,1,1,2,2,0,0,20,1,4,0,1,0,4,9,9,0,5,0,4,0,0,9,0,0,1,0,0,0,0,0,0,2,0,0,3,0,1,3,0,1,0,1,0,2,1,6,0,1,16,10,2,3,0,0,1,1,4,0,1,2,1,1,0,0,1,1,0,0,1,0,4,2,0,0,0,0,0,1,2,9,0,1,0,0,0,0,0,1,0,5,3,0,0,0
2017-12-05,2017-12-05,16.52517883,10,0,16,5,3,6,2,0,1,6,4,0,26,2,6,8,7,0,3,2,3,2,2,0,4,3,1,8,0,0,4,3,0,0,2,0,0,1,1,1,3,0,2,2,0,0,0,2,2,3,4,7,1,1,5,13,11,0,2,0,2,6,14,0,1,1,2,1,1,2,0,0,0,0,3,2,1,8,0,1,0,1,3,0,0,1,0,0,2,0,0,4,1,2,3,8,1,1,0,0
2017-12-06,2017-12-06,12.41839821,1,0,0,0,2,2,1,2,2,6,0,0,18,1,2,2,0,0,1,14,0,2,0,0,5,0,0,2,0,0,0,0,0,0,1,0,0,0,1,0,2,0,0,2,0,2,0,4,0,2,0,16,0,0,11,12,0,2,1,0,0,3,9,0,0,0,3,0,0,0,0,0,0,0,1,0,1,5,0,0,0,0,1,0,1,3,0,0,0,0,0,6,1,1,4,11,1,0,0,0
2017-12-07,2017-12-07,11.87960587,1,0,0,0,1,3,1,0,2,6,0,0,58,0,4,1,1,0,1,9,2,4,0,1,4,0,0,5,0,0,0,0,1,0,0,1,0,0,7,0,1,0,3,1,0,0,0,0,0,3,3,12,8,0,2,15,0,5,1,0,0,24,6,0,3,4,4,1,0,1,3,2,0,1,2,2,2,14,0,0,1,2,0,1,1,3,0,0,0,0,0,6,0,3,9,1,3,1,0,0
2017-12-08,2017-12-08,11.19151035,2,2,0,4,4,4,0,3,0,3,3,0,20,0,0,7,0,0,4,8,1,4,0,0,1,2,1,3,1,0,0,0,0,0,0,0,0,0,0,0,2,0,6,0,0,0,0,5,0,2,2,4,0,0,4,5,0,1,3,0,0,5,2,1,2,0,0,3,0,0,0,0,0,0,1,0,5,12,0,2,1,1,0,0,1,2,0,0,1,0,5,0,1,3,3,2,1,0,0,0
2017-12-09,,,0,0,0,0,0,0,0,0,2,0,0,0,0,0,0,0,0,0,0,2,0,0,0,0,0,0,0,1,0,0,0,0,0,0,0,0,0,0,0,0,0,0,0,0,0,0,0,0,0,0,0,0,0,0,0,0,0,0,0,0,0,0,0,0,0,0,0,0,0,0,0,0,0,0,0,0,0,0,0,0,0,0,0,0,1,0,0,0,0,0,0,0,0,0,1,0,0,0,0,0
2017-12-10,,,1,0,0,0,0,1,0,0,1,0,0,0,3,0,0,1,0,0,1,0,0,0,0,0,0,0,0,0,0,0,0,0,0,0,0,0,0,0,0,0,0,0,0,1,0,0,0,0,0,0,0,0,0,0,2,0,0,0,1,0,0,0,0,0,0,1,0,0,0,0,0,0,0,0,0,0,0,0,0,0,0,0,0,0,0,0,0,0,0,0,0,0,0,0,0,1,0,0,0,0
2017-12-11,2017-12-11,11.45541298,11,3,14,4,7,3,10,2,0,0,6,0,30,7,3,6,4,0,10,8,3,5,11,0,1,0,9,4,6,0,2,4,0,1,0,0,2,3,0,5,4,0,3,5,1,0,0,5,5,3,1,12,0,0,2,2,0,6,0,0,0,17,4,1,2,6,13,4,0,0,2,2,0,1,1,0,2,19,0,0,0,1,0,0,6,4,1,0,1,0,2,2,4,3,2,3,5,0,0,0
2017-12-12,2017-12-12,14.46385308,3,2,14,2,4,4,11,3,0,2,6,0,48,8,5,0,2,0,7,35,2,3,7,7,6,0,13,4,12,0,0,4,3,0,0,0,1,3,0,0,2,0,7,0,1,0,0,3,5,2,11,8,1,0,13,6,1,3,0,4,0,9,7,1,2,2,1,1,0,1,5,4,0,1,2,0,0,24,0,0,0,0,5,0,6,4,0,0,3,4,2,0,2,4,1,6,4,3,0,0
2017-12-13,2017-12-13,13.10630732,0,2,2,3,2,0,0,1,5,8,0,0,41,0,4,0,7,0,3,6,2,13,2,0,2,1,0,6,0,0,0,1,0,0,0,0,1,0,0,0,0,0,2,0,0,0,0,4,0,2,0,7,0,1,5,0,1,1,1,0,4,6,4,0,1,0,1,2,0,0,0,0,0,0,1,1,0,6,0,1,0,0,0,1,3,3,0,0,1,0,0,0,1,1,0,2,1,0,0,0
2017-12-14,2017-12-14,14.70423427,4,0,1,0,0,3,0,1,4,4,0,0,43,1,3,0,0,0,5,18,3,8,4,1,3,0,3,9,0,0,0,1,0,0,2,0,0,1,7,0,0,0,5,0,0,2,0,1,0,5,0,18,5,0,10,20,1,1,0,0,1,2,14,1,2,2,4,3,0,2,0,0,0,0,0,5,4,6,0,2,2,2,0,0,1,3,0,0,2,1,2,7,1,2,3,3,1,0,9,0
2017-12-15,2017-12-15,29.39743517,4,0,2,2,1,2,2,1,0,2,0,0,28,3,7,0,0,0,6,17,1,2,2,1,9,0,0,2,0,0,1,0,1,0,0,2,0,3,0,1,18,0,9,1,0,0,1,4,0,3,5,20,0,0,7,12,1,12,2,3,2,7,11,0,4,10,3,0,0,1,1,1,0,2,4,0,3,19,1,0,1,1,0,0,3,6,0,2,2,1,0,2,3,0,8,20,17,0,0,0
2017-12-16,,,0,0,0,0,0,0,0,0,0,0,0,0,2,0,0,0,1,0,0,0,1,0,0,0,0,0,0,0,0,0,0,0,0,0,1,0,0,0,0,0,0,0,1,0,0,0,0,0,0,0,0,0,0,0,1,0,0,0,0,0,0,0,0,0,0,0,1,0,0,0,0,0,0,0,0,0,0,1,0,0,0,1,0,0,0,0,0,0,0,0,0,1,0,0,0,0,0,0,0,0
2017-12-17,,,1,0,0,0,0,1,0,0,0,1,0,0,23,0,3,0,0,0,0,6,0,0,0,0,1,0,0,0,0,0,0,0,0,3,0,0,0,0,0,0,0,0,1,0,0,0,0,0,0,2,0,7,0,0,5,2,0,2,0,0,0,1,1,0,0,0,0,0,0,0,0,0,0,1,0,0,0,3,0,0,0,0,0,0,2,0,0,0,0,0,0,0,0,2,1,3,0,0,0,0
2017-12-18,2017-12-18,13.37249366,5,1,8,1,2,0,1,0,1,3,0,0,15,0,0,0,2,0,0,13,4,0,0,0,2,1,0,3,0,0,0,0,0,0,1,0,1,0,0,0,0,0,4,2,0,0,0,1,0,2,4,13,0,0,2,8,1,7,2,0,1,0,2,0,9,1,3,1,0,1,0,0,0,0,3,1,5,5,0,2,0,0,1,0,0,1,0,0,1,0,0,2,0,1,4,2,4,0,0,0
2017-12-19,2017-12-19,14.46982016,0,0,0,1,10,18,0,2,2,3,2,0,20,1,3,0,1,0,12,4,2,0,6,0,2,0,0,2,0,0,0,5,0,0,0,0,0,6,3,0,2,0,1,1,0,0,0,0,0,1,0,7,4,0,1,1,0,4,1,0,0,1,3,0,3,5,2,0,0,0,0,0,0,0,1,0,8,5,0,0,1,1,0,0,0,5,2,0,2,0,4,1,0,1,0,2,0,0,0,0
2017-12-20,2017-12-20,12.74783521,12,2,27,5,4,8,15,4,4,1,3,0,31,6,2,3,0,0,9,17,8,0,8,0,4,2,8,2,2,0,1,10,0,0,1,0,0,4,0,0,3,0,4,2,0,1,0,1,1,4,0,16,0,0,7,3,6,2,0,0,4,1,6,1,9,0,7,2,0,0,0,0,0,0,3,3,3,5,0,1,0,1,0,0,2,7,0,0,2,0,1,1,1,3,3,1,2,0,0,0
2017-12-21,2017-12-21,11.43060626,4,1,2,3,3,7,0,4,1,3,2,0,14,0,0,0,0,0,2,8,0,0,8,0,1,0,0,1,0,0,1,1,0,0,1,0,0,1,0,0,4,0,3,1,1,1,0,0,0,2,1,1,0,0,3,2,1,1,0,0,1,1,0,0,1,1,0,2,0,0,0,0,0,0,2,1,1,6,0,1,0,0,0,1,0,0,0,0,1,0,0,1,0,3,1,0,1,0,0,0
2017-12-22,2017-12-22,6.870217168,3,0,0,4,6,9,4,1,5,2,0,0,8,4,0,0,0,0,3,19,0,9,1,0,0,0,0,0,10,0,3,0,0,0,1,0,0,3,1,0,0,0,1,1,0,1,0,1,0,0,0,1,1,0,3,0,0,0,2,0,0,0,0,0,0,0,0,2,0,0,0,0,0,0,0,0,3,1,0,0,2,0,0,0,0,6,0,0,2,0,0,0,2,0,0,1,0,0,0,1
2017-12-25,,,7,5,12,8,10,10,8,1,0,0,2,0,23,3,0,3,1,0,7,4,0,2,5,0,0,2,3,0,0,1,1,0,0,0,0,0,1,0,1,0,3,0,3,1,2,0,0,4,1,1,1,3,0,0,2,0,1,0,0,0,2,0,0,0,0,0,0,1,0,0,0,0,0,0,1,0,4,2,0,7,0,1,0,0,0,0,0,0,0,0,3,0,0,3,0,4,1,0,0,0
2017-12-26,2017-12-26,1.452366085,2,0,0,7,8,7,0,0,2,0,0,3,4,0,0,1,0,0,1,0,1,0,6,0,0,0,1,3,0,1,4,1,0,0,0,0,0,3,0,0,0,0,0,0,4,0,0,0,0,0,0,8,0,0,3,4,0,2,0,0,0,0,4,0,1,0,4,0,0,0,16,14,0,0,0,0,0,0,0,1,0,0,0,0,0,2,0,0,0,0,1,2,0,0,0,1,2,0,0,0
2017-12-27,2017-12-27,4.970809042,17,7,6,8,11,7,14,1,1,2,3,0,22,2,1,1,1,0,4,11,1,2,8,2,6,5,5,1,3,1,0,4,2,1,0,4,0,1,0,0,3,0,7,0,1,1,1,1,1,2,0,11,0,0,7,4,2,3,0,0,2,4,4,1,0,1,7,1,7,0,0,0,0,1,2,0,11,10,4,5,0,1,0,0,4,2,0,0,3,4,1,0,1,1,4,0,4,0,0,0
2017-12-28,2017-12-28,3.856449272,3,0,1,1,0,1,0,0,4,1,0,0,34,5,4,1,1,0,2,7,4,0,1,0,2,0,0,2,0,0,0,0,0,0,0,0,0,0,0,1,9,0,2,1,0,0,0,5,0,2,0,12,0,0,2,8,1,4,0,0,1,2,4,0,0,1,5,0,0,0,3,3,0,0,4,1,2,4,0,0,0,0,2,2,1,1,0,0,1,0,0,7,1,2,0,4,2,0,0,0
2017-12-29,2017-12-29,4.979944494,3,0,2,1,4,1,1,1,3,0,1,1,1,2,9,0,2,0,0,11,4,1,3,0,2,2,0,13,0,0,2,3,1,6,1,0,0,0,1,0,8,0,5,0,0,0,2,0,0,2,0,8,0,0,6,1,1,1,0,0,0,5,2,1,2,2,0,0,0,0,4,4,0,0,1,0,0,14,0,0,0,0,0,0,0,1,0,0,0,1,0,2,1,2,0,3,1,0,0,0
2017-12-30,,,8,0,0,0,4,0,0,1,0,0,1,0,0,0,3,0,2,0,0,3,1,3,2,0,1,0,0,0,0,0,1,2,0,1,0,0,0,1,0,0,2,0,2,1,0,0,0,1,0,0,0,3,0,0,5,2,1,0,0,0,2,1,1,1,4,0,0,1,0,1,0,0,0,0,0,0,0,3,0,0,0,0,2,0,0,0,0,0,3,0,0,1,1,2,0,3,0,0,0,0
2017-12-31,,,1,2,0,1,13,0,0,0,1,1,0,0,5,0,1,0,0,0,2,1,0,0,1,0,4,0,0,4,0,0,5,0,0,0,0,0,0,2,0,0,1,0,3,0,0,0,0,0,0,0,0,1,0,0,1,0,2,0,0,0,0,2,0,0,0,0,3,0,0,0,0,0,0,0,0,0,0,0,0,0,0,0,0,1,0,0,0,0,0,0,1,2,1,0,0,5,0,0,0,0
2018-01-01,,,0,0,0,0,0,0,0,0,0,0,0,0,0,0,1,0,0,0,0,0,0,0,0,0,0,0,0,0,0,0,4,0,1,0,0,0,0,0,0,0,0,0,0,0,0,0,0,0,0,0,0,0,0,0,0,8,0,0,0,0,0,0,0,0,0,0,0,0,0,0,0,0,0,0,0,0,0,1,0,0,0,0,0,0,0,0,0,0,0,0,0,0,0,0,1,0,0,0,0,0
2018-01-02,2018-01-02,13.07012176,8,0,2,3,5,5,0,1,2,1,0,0,3,1,4,0,0,0,3,9,0,3,5,0,4,2,0,5,0,2,0,2,1,0,0,0,0,0,0,0,4,0,8,0,0,1,0,2,1,0,0,9,0,0,5,10,0,0,0,1,0,3,8,3,3,6,4,0,0,0,0,0,0,0,0,0,2,5,0,0,0,1,0,0,2,6,0,0,0,1,1,0,3,0,9,14,1,0,0,0
2018-01-03,2018-01-03,12.47379895,0,0,0,0,0,2,0,0,0,2,0,0,7,0,2,0,0,0,0,2,1,0,0,0,1,0,0,1,1,0,0,0,0,0,0,0,0,1,0,0,6,0,1,1,0,0,0,3,0,2,3,2,0,0,7,11,0,1,2,0,2,7,5,0,5,3,2,0,0,1,3,3,0,0,0,0,0,4,0,0,0,0,0,0,7,1,0,0,2,0,0,1,1,0,4,5,1,0,0,0
2018-01-04,2018-01-04,13.73587009,23,1,1,3,5,3,11,1,2,2,5,0,22,4,4,0,1,0,5,16,2,1,3,0,4,2,7,3,1,0,1,2,0,0,2,0,0,2,1,0,6,0,3,2,0,1,1,3,3,4,1,7,0,0,7,21,17,2,1,0,2,5,5,0,8,1,3,3,0,2,1,1,0,0,3,1,2,3,0,2,0,1,0,1,5,0,0,0,1,1,2,1,2,2,2,7,0,0,0,0
2018-01-05,2018-01-05,10.98933999,2,0,0,0,0,0,0,0,6,8,0,0,13,0,6,0,0,0,0,1,1,0,0,0,3,0,0,7,0,0,0,0,1,2,5,0,0,0,0,0,0,0,4,2,0,0,0,8,0,0,0,18,0,0,4,30,0,0,3,0,0,2,4,0,0,0,1,0,0,0,0,0,0,0,0,1,0,6,0,0,0,0,0,1,2,1,0,0,0,0,0,2,1,2,4,0,0,0,0,0
2018-01-06,,,1,0,0,0,0,0,0,0,0,0,1,0,2,0,0,2,0,0,0,0,0,0,0,1,0,0,0,2,0,0,0,0,2,0,1,0,0,0,0,0,0,0,0,0,0,0,1,0,0,0,0,0,1,0,3,8,0,0,0,2,0,1,0,0,0,0,0,0,0,0,0,0,0,0,0,0,1,0,0,0,0,0,0,0,0,0,0,1,0,0,0,0,0,3,1,0,0,0,0,0
2018-01-07,,,6,0,0,1,0,1,16,0,0,1,1,0,4,1,6,0,0,0,2,6,0,2,0,0,1,0,0,3,0,0,0,0,0,0,0,0,0,0,0,0,5,0,1,1,0,0,0,1,0,1,0,5,1,0,1,0,1,0,1,0,2,0,4,0,1,0,0,0,0,0,0,0,0,0,0,1,1,0,0,0,0,0,0,2,0,0,0,0,0,1,0,0,0,6,2,3,0,0,0,0
2018-01-08,2018-01-08,11.24395592,1,0,0,0,0,4,0,0,1,1,1,0,9,0,5,2,0,0,6,8,0,0,0,0,0,0,0,1,0,0,0,0,1,1,0,0,0,0,3,0,0,0,7,0,0,1,0,1,0,2,1,4,0,3,4,8,22,2,2,0,0,13,3,0,7,9,1,0,0,1,1,0,0,0,1,0,2,5,0,0,0,1,0,0,3,0,0,0,0,0,0,1,0,0,1,7,2,0,0,0
2018-01-09,2018-01-09,8.516359887,2,0,3,2,2,6,2,0,3,3,1,0,27,0,4,4,0,0,2,17,3,5,0,0,1,0,1,5,0,0,0,1,1,0,1,0,0,3,0,0,7,0,4,0,1,0,0,0,1,6,1,25,0,0,1,2,5,3,4,0,0,5,4,0,3,0,2,1,0,0,13,10,0,0,2,0,6,9,0,1,1,0,0,0,2,2,0,0,1,1,0,0,0,1,3,19,3,0,0,0
2018-01-10,2018-01-10,10.53488887,0,0,0,0,0,0,1,0,1,1,1,0,14,0,1,2,0,0,3,2,2,2,1,0,1,0,0,1,0,0,0,0,0,2,0,0,0,0,0,0,1,0,1,3,0,0,1,5,0,2,0,4,0,1,2,7,0,1,2,0,1,2,3,0,0,4,0,0,0,0,0,0,0,0,0,0,0,2,0,0,0,1,0,0,3,0,0,0,0,0,0,2,0,2,3,3,0,0,0,0
2018-01-11,2018-01-11,10.14057221,19,10,0,3,16,4,10,8,3,8,4,0,25,0,1,3,0,0,11,23,9,2,1,0,0,0,0,5,0,0,0,3,0,0,0,0,0,2,0,0,3,0,2,3,0,2,0,3,0,0,3,23,0,0,11,34,6,1,1,0,0,2,7,3,5,0,3,1,0,1,1,1,0,0,0,2,3,8,0,1,1,3,0,2,3,3,0,1,1,0,1,2,2,0,4,10,5,0,0,0
2018-01-12,2018-01-12,12.22280171,4,0,0,1,4,6,0,1,0,0,0,0,7,0,0,2,0,0,1,1,0,0,2,0,2,0,0,0,0,7,0,0,0,0,0,0,0,1,0,0,1,0,2,0,0,0,0,0,0,0,0,3,0,0,17,25,2,2,0,0,0,1,2,0,2,0,0,1,0,0,0,0,1,0,1,0,0,1,0,0,0,0,0,0,1,0,0,0,0,0,1,0,0,0,2,3,5,0,0,0
2018-01-13,,,0,0,0,0,0,0,0,0,0,0,0,0,0,0,0,0,0,0,0,0,0,0,0,0,0,0,0,0,0,0,0,0,0,0,0,0,0,0,0,0,0,0,0,0,0,0,0,0,0,1,0,0,0,0,0,0,0,0,0,0,0,0,0,0,0,0,0,0,0,0,0,0,0,0,0,0,0,0,0,0,0,0,0,0,0,0,0,0,0,0,0,0,0,0,0,0,0,0,0,0
2018-01-14,,,0,0,1,0,0,2,0,0,1,0,0,0,1,0,3,0,1,0,1,17,6,9,0,0,3,0,0,1,0,0,0,0,0,0,0,1,0,2,0,1,3,0,1,1,0,1,0,0,0,1,0,6,0,0,3,2,0,0,0,0,2,1,9,0,0,0,0,3,0,0,15,14,0,0,0,0,0,5,0,0,0,1,0,2,0,1,0,0,0,0,0,0,1,2,0,10,0,0,0,0
2018-01-15,,,3,0,0,0,0,0,1,0,1,1,0,0,20,2,4,3,0,0,0,27,0,3,0,0,2,0,0,9,0,0,0,0,0,0,2,0,0,0,0,0,1,0,1,2,0,0,0,2,0,2,0,3,0,0,2,0,9,3,1,0,1,1,1,0,2,1,0,0,0,0,21,15,1,0,0,0,2,4,0,0,0,0,0,2,0,5,0,0,3,1,0,0,1,0,1,12,2,0,0,0
2018-01-16,2018-01-16,14.83060528,11,0,6,1,2,0,1,0,15,5,0,0,51,1,6,2,2,0,3,32,1,4,1,0,13,0,2,7,0,0,0,0,0,2,0,0,0,0,0,0,0,0,2,2,1,0,0,1,0,3,2,33,0,0,9,14,0,2,0,0,1,4,12,0,11,2,6,3,0,1,18,12,0,0,4,1,6,5,0,0,1,0,1,1,1,5,0,0,11,0,0,0,5,0,5,5,3,0,0,0
2018-01-17,2018-01-17,9.980898267,4,1,0,1,3,7,4,0,22,4,0,0,20,4,5,3,1,0,5,15,8,2,5,0,2,0,0,8,0,0,0,2,0,0,0,0,0,0,1,0,2,1,3,0,0,2,0,2,0,2,0,11,0,1,8,12,0,2,0,0,0,4,9,0,3,0,1,1,0,0,1,0,0,0,0,0,7,2,0,0,0,2,1,0,1,3,0,0,1,0,0,1,8,2,2,11,4,0,0,0
2018-01-18,2018-01-18,10.10507638,10,0,10,6,27,11,4,0,5,5,4,0,15,0,5,10,8,0,6,11,6,18,3,8,2,0,0,11,0,0,0,2,0,0,0,1,2,2,0,0,5,0,11,0,0,1,1,1,2,4,2,19,8,4,5,15,1,4,1,1,6,2,5,0,7,0,3,1,0,0,2,1,0,1,3,0,2,20,0,6,3,1,0,0,0,1,1,0,2,1,0,0,0,2,5,0,4,2,0,0
2018-01-19,2018-01-19,15.4864351,3,0,1,0,1,3,0,0,3,3,0,0,13,0,0,1,0,0,3,13,5,0,1,0,0,0,0,2,0,0,0,0,1,1,0,0,0,0,0,0,0,0,1,1,0,0,0,1,0,5,2,14,0,0,4,16,1,3,0,0,3,1,4,0,1,0,4,0,0,0,1,1,0,0,2,0,3,5,0,1,0,2,0,0,0,1,0,0,4,0,0,1,2,0,7,1,3,0,0,0
2018-01-20,,,0,0,0,0,0,0,0,1,3,2,0,0,6,0,0,1,3,0,0,6,0,6,1,0,1,0,0,1,0,0,0,0,0,0,0,0,0,0,0,0,0,0,3,1,0,0,0,0,0,1,0,1,0,0,0,0,0,0,0,0,0,0,5,0,1,1,3,0,0,0,0,0,0,0,1,0,8,2,0,0,0,0,0,0,0,2,0,0,1,0,0,1,0,0,1,0,1,0,0,0
2018-01-21,,,5,0,0,0,0,0,0,0,4,1,0,0,20,3,3,2,0,0,0,3,0,1,1,0,2,0,0,0,1,0,0,0,0,0,0,0,0,0,0,0,0,0,2,0,0,0,0,0,0,2,0,7,0,0,0,9,0,0,0,0,1,1,2,0,0,0,0,0,0,1,0,0,0,0,1,0,0,0,0,0,0,0,0,0,1,0,0,0,2,0,0,1,0,1,0,2,1,0,0,0
2018-01-22,2018-01-22,12.36796083,4,2,1,0,3,2,2,0,7,10,0,0,29,1,4,1,2,0,2,22,2,10,0,0,1,1,0,21,1,0,2,0,3,1,7,1,0,0,0,0,3,0,7,1,0,1,2,6,0,2,5,23,1,1,21,32,1,2,4,2,0,3,11,0,11,3,4,1,0,1,2,2,0,1,2,0,11,10,0,0,0,1,0,0,0,4,0,0,1,0,0,1,2,1,8,14,5,0,0,0
2018-01-23,2018-01-23,13.09023335,4,0,1,0,3,8,1,2,12,5,0,0,32,2,1,32,0,0,2,28,7,6,2,1,4,0,0,6,0,0,0,0,1,3,1,0,0,1,0,0,2,0,5,2,0,1,3,0,0,4,0,22,1,0,13,20,0,5,3,0,0,8,6,1,14,5,3,4,0,1,0,0,0,0,1,0,14,4,0,0,0,2,0,0,1,4,0,0,2,0,0,0,4,4,3,11,4,2,0,0
2018-01-24,2018-01-24,15.35044746,0,0,7,0,0,0,0,1,0,0,0,0,3,1,1,0,2,0,3,6,3,0,2,0,0,0,0,1,0,0,0,0,0,0,2,0,0,1,3,0,1,0,3,0,0,0,0,0,0,4,2,6,1,0,2,8,1,0,0,0,0,1,1,0,0,0,0,0,0,0,1,1,0,0,3,0,0,2,0,2,0,0,0,1,0,3,0,0,0,0,0,1,0,0,1,3,1,0,0,0
2018-01-25,2018-01-25,11.22617592,3,0,0,0,0,0,0,0,6,6,2,0,14,0,2,9,1,0,2,29,3,2,0,0,3,1,0,2,0,0,0,0,1,0,1,0,0,0,0,0,2,0,0,2,0,0,1,5,1,0,2,6,0,2,16,17,2,1,2,0,1,2,6,0,6,2,0,0,0,1,2,1,0,0,3,0,6,5,0,0,0,0,0,1,1,0,0,0,3,0,0,1,0,0,6,6,4,0,0,0
2018-01-26,2018-01-26,11.49391317,7,1,1,0,0,0,0,0,11,33,1,6,38,0,2,30,0,0,2,12,3,0,0,0,1,0,0,3,0,0,0,0,0,0,2,0,0,0,0,0,2,0,0,2,0,0,0,1,0,1,1,33,0,0,38,137,0,2,5,0,2,1,5,1,3,4,0,1,0,0,0,0,0,1,0,1,8,2,0,0,0,2,0,0,0,1,0,1,2,2,0,0,1,1,4,0,16,0,0,0
2018-01-27,,,1,0,0,0,0,0,0,0,0,1,0,0,0,0,1,0,0,0,0,0,0,0,0,0,0,0,0,0,0,0,0,0,0,2,0,0,0,0,0,0,1,0,1,0,0,0,0,0,0,0,0,35,0,0,1,0,0,0,1,0,0,0,0,0,0,0,0,0,0,0,0,0,0,0,0,0,0,1,0,0,0,2,0,0,1,0,0,0,0,1,0,0,0,0,0,0,0,0,0,0
2018-01-28,,,0,0,0,0,0,0,0,0,0,0,0,0,0,0,0,0,0,0,0,0,0,0,0,0,0,0,0,0,0,0,0,0,0,0,0,0,0,0,0,0,0,0,0,0,0,0,0,0,0,0,0,0,0,0,0,0,0,0,0,0,1,0,0,0,0,0,0,0,0,0,0,0,0,0,0,0,0,0,0,0,0,0,0,0,1,0,0,0,0,0,0,0,0,0,0,0,0,0,0,0
2018-01-29,2018-01-29,11.11263539,3,1,0,0,1,0,0,0,4,0,0,0,54,0,4,3,0,0,0,25,4,0,0,0,13,0,0,3,0,0,0,0,0,2,0,0,0,0,0,0,0,0,2,0,0,1,0,1,0,2,0,12,0,0,11,13,0,4,2,0,6,4,5,0,2,0,6,0,0,0,0,0,0,0,0,0,16,4,0,0,1,1,0,0,3,2,0,0,4,0,0,0,1,4,4,0,4,0,0,0
2018-01-30,2018-01-30,14.83313387,13,0,5,0,1,1,0,1,0,3,0,0,27,0,1,0,0,0,1,10,4,1,1,1,3,0,0,1,0,0,0,3,1,0,0,0,0,2,0,0,0,0,2,0,0,0,2,7,3,1,1,8,0,0,0,2,2,3,3,0,1,7,3,0,6,0,9,2,0,0,0,0,0,0,0,0,2,16,0,0,1,0,0,0,1,2,0,0,0,0,0,0,3,1,3,0,4,0,0,0
2018-01-31,2018-01-31,22.07099898,6,0,1,0,0,1,0,0,2,4,0,0,34,0,7,0,0,0,1,14,3,2,0,0,2,0,0,2,0,0,1,0,0,1,2,0,0,0,0,0,8,0,2,1,0,1,0,1,1,1,0,14,0,0,7,18,1,7,1,0,0,1,6,0,1,1,2,0,0,0,0,0,0,0,1,1,6,4,0,0,0,0,0,0,5,1,0,0,0,0,0,2,4,2,3,7,7,0,0,0
2018-02-01,2018-02-01,11.16904375,6,4,1,3,0,0,1,0,13,7,1,0,18,0,7,1,0,0,1,10,4,1,0,2,7,0,0,0,0,0,0,0,0,2,0,1,0,0,2,1,2,0,8,0,0,0,0,2,0,1,0,50,1,0,3,7,1,0,0,0,0,0,14,0,3,4,9,1,0,0,0,0,0,0,0,0,3,3,0,0,1,2,1,1,5,1,0,0,1,0,0,1,3,0,2,4,2,0,0,0
2018-02-02,2018-02-02,14.55026587,4,0,1,6,5,5,3,0,1,3,1,0,25,5,4,0,0,0,1,3,3,2,8,0,2,0,0,0,3,0,1,2,0,0,0,0,0,2,0,0,0,0,1,3,0,0,0,2,0,3,3,11,1,0,2,16,0,2,0,0,1,2,4,1,4,1,0,1,0,0,0,0,1,0,0,0,5,8,0,0,0,0,0,0,0,2,0,0,0,0,0,0,0,1,0,2,3,0,0,0
2018-02-03,,,0,0,0,0,0,0,0,0,0,0,0,0,2,0,0,0,2,0,0,2,0,0,0,0,1,0,0,0,0,0,0,0,0,3,0,0,0,0,0,0,0,0,0,0,0,0,0,0,0,0,0,1,0,0,0,3,0,0,0,0,1,0,1,0,1,1,0,0,0,0,0,0,0,0,0,0,0,0,0,0,0,0,0,0,0,1,0,0,0,0,0,0,1,0,1,1,0,0,0,0
2018-02-04,,,3,0,0,0,0,2,0,1,8,1,1,0,10,0,3,0,0,0,1,10,1,3,0,0,0,0,0,0,0,0,0,0,1,0,0,0,0,1,0,0,1,0,2,2,0,0,1,0,0,0,0,12,0,0,4,0,0,0,1,2,1,1,12,0,1,0,0,0,0,0,0,0,0,0,1,0,0,8,0,0,0,0,0,3,2,3,0,0,1,0,0,1,3,2,0,7,0,2,0,0
2018-02-05,2018-02-05,20.82326547,7,0,1,3,6,6,4,1,8,3,4,0,33,4,9,3,0,0,2,29,4,3,5,0,4,0,1,3,1,5,0,1,0,0,1,0,0,2,0,0,4,0,2,1,0,1,0,3,1,4,0,8,0,0,15,3,2,4,0,0,1,8,6,1,2,4,10,0,0,1,2,2,0,0,2,0,9,5,0,0,0,0,4,2,3,4,0,0,0,0,0,0,2,0,6,6,3,0,0,0
2018-02-06,2018-02-06,24.81183161,11,0,0,3,0,1,5,1,9,1,4,0,23,6,5,0,2,0,3,20,2,5,0,0,6,1,1,3,0,0,1,2,0,0,2,0,0,0,2,0,1,0,0,3,0,0,0,2,0,3,2,26,0,0,11,14,0,1,2,0,1,3,7,0,4,5,8,2,0,1,2,3,0,0,2,2,6,5,0,0,0,0,0,2,1,6,0,0,1,1,0,0,1,3,1,3,7,0,0,0
2018-02-07,2018-02-07,12.11336284,3,2,0,2,3,6,0,1,9,5,1,0,30,4,6,2,1,0,2,20,2,5,6,0,7,0,2,4,2,0,1,1,0,0,2,0,0,1,0,0,0,0,10,1,0,1,0,1,0,10,2,16,1,0,7,16,0,6,3,1,0,8,8,3,9,0,3,0,0,0,0,0,0,0,1,3,8,11,0,0,1,1,0,0,2,5,0,0,1,0,0,2,4,2,9,10,7,0,0,0
2018-02-08,2018-02-08,17.91449222,3,0,0,0,0,0,1,0,3,1,0,0,23,0,1,1,0,0,0,6,0,0,0,0,1,0,0,8,0,0,0,0,0,1,1,0,0,0,0,0,1,0,2,0,0,0,0,4,0,0,2,6,0,0,2,2,1,0,1,0,0,4,0,0,0,1,0,0,0,0,2,2,0,0,0,0,3,1,0,0,0,0,0,0,4,0,0,0,0,0,0,1,0,0,4,0,0,0,0,0
2018-02-09,2018-02-09,23.30344163,1,0,0,0,0,0,0,0,0,0,0,0,9,0,4,0,2,0,2,7,2,1,0,0,2,0,0,0,1,0,0,0,0,0,0,0,0,0,1,0,1,0,2,2,0,0,0,1,1,1,0,16,0,1,15,17,1,5,1,3,0,7,2,0,1,1,7,0,0,0,1,1,0,0,2,1,1,15,0,0,0,3,0,0,1,6,0,0,2,2,0,0,2,0,1,1,4,0,0,0
2018-02-10,,,0,0,0,0,0,0,0,0,0,0,0,0,0,0,0,0,2,0,0,1,1,0,0,0,0,0,0,0,0,0,0,0,0,0,0,0,0,0,0,0,0,0,1,0,0,0,0,0,0,0,0,1,0,0,1,0,0,0,0,0,0,1,0,0,0,0,2,0,0,0,0,0,0,0,0,0,0,4,0,0,0,0,0,0,1,0,0,0,0,0,0,0,0,0,1,0,0,0,0,0
2018-02-11,,,2,0,0,4,5,4,5,2,0,2,1,0,3,1,2,0,0,0,2,3,0,0,1,0,1,0,0,1,2,0,0,0,0,0,0,0,0,0,0,0,1,0,0,0,0,1,0,4,0,2,1,9,4,0,0,0,0,0,0,0,1,0,1,0,0,3,1,0,0,0,0,0,0,0,0,0,0,2,0,0,0,0,0,0,0,0,0,0,3,0,0,1,0,0,6,0,0,0,0,0
2018-02-12,2018-02-12,12.40919421,5,0,1,0,0,0,0,0,8,4,1,0,47,1,6,7,0,0,0,15,4,0,0,0,5,0,0,4,0,0,1,0,0,0,0,0,0,0,0,0,2,0,0,1,0,1,1,3,0,4,3,29,0,0,9,20,2,2,0,0,0,4,7,0,4,1,15,1,0,0,7,3,0,0,2,2,7,9,0,0,0,0,0,0,1,5,0,0,0,0,0,1,3,1,8,3,3,0,0,0
2018-02-13,2018-02-13,6.58667742,9,0,0,1,0,1,0,0,6,3,0,0,41,1,1,2,0,0,0,11,5,0,1,7,5,0,2,4,0,0,0,0,3,0,6,3,0,0,0,0,2,0,5,2,0,1,0,4,0,3,1,5,0,0,5,17,2,2,1,2,0,6,0,0,3,0,7,0,9,1,0,0,0,0,0,0,3,4,6,0,0,0,0,0,1,3,0,0,2,5,0,2,0,2,5,5,3,1,0,0
2018-02-14,2018-02-14,11.46814868,7,9,2,1,1,3,11,3,2,4,1,0,17,5,2,2,1,0,5,10,9,5,5,0,3,0,0,7,1,0,3,2,0,0,0,0,0,2,1,0,2,0,0,2,0,6,0,2,0,2,0,11,5,0,2,1,1,2,4,0,1,1,20,1,3,0,0,1,0,0,0,0,0,0,1,5,3,12,0,3,0,1,0,0,1,3,0,0,6,0,0,0,0,1,8,5,0,1,0,0
2018-02-15,2018-02-15,7.856084141,6,0,6,3,7,4,3,1,10,3,8,0,6,2,6,0,6,0,11,15,4,8,2,0,10,0,4,6,6,0,0,4,0,0,2,0,0,1,4,2,6,0,0,0,0,0,0,4,1,3,0,12,8,0,3,6,0,2,0,0,5,2,7,1,18,0,1,11,0,0,0,0,0,0,5,0,3,2,0,7,0,2,3,2,0,3,0,0,3,0,0,1,0,0,0,6,0,0,0,0
2018-02-16,2018-02-16,10.13641893,10,0,0,3,2,2,8,3,0,2,2,4,13,3,0,0,0,0,4,12,3,4,2,0,0,0,0,0,4,0,1,3,0,1,0,0,0,1,0,0,3,0,5,0,0,0,0,1,3,4,4,6,0,2,3,8,1,0,1,0,1,3,1,0,2,0,1,1,0,0,2,2,0,0,0,0,4,2,0,0,1,2,0,2,2,0,0,0,0,0,0,0,0,2,0,0,0,2,0,0
2018-02-17,,,0,0,0,0,0,0,0,1,1,0,1,0,0,0,0,0,0,0,0,0,0,0,0,0,0,0,0,0,0,0,0,0,0,0,0,0,0,0,0,0,0,0,0,0,0,0,0,0,0,0,0,0,0,0,0,0,0,0,0,0,0,0,0,0,1,0,0,0,0,0,0,0,0,0,0,0,0,0,0,0,1,0,0,0,0,0,0,0,0,0,0,0,0,0,1,0,0,0,0,0
2018-02-18,,,0,0,0,0,0,2,0,0,1,0,0,0,0,1,1,0,0,0,0,2,0,0,0,0,0,0,0,0,0,0,0,0,0,0,0,0,0,0,0,0,0,0,0,0,0,0,0,1,0,1,0,4,0,0,2,3,0,0,1,1,4,0,3,0,2,0,2,0,0,0,5,5,0,0,0,0,2,3,0,0,0,0,0,0,0,0,0,0,1,0,0,0,1,0,0,4,1,0,0,0
2018-02-19,,,1,0,0,0,0,0,0,0,0,0,0,0,5,1,0,1,0,0,2,1,1,0,0,0,0,0,0,4,2,0,0,0,0,0,0,0,0,0,1,0,0,0,0,0,0,0,0,0,0,0,0,1,0,0,0,0,0,0,0,0,0,0,2,0,0,0,2,0,0,0,0,0,0,0,0,0,0,0,0,0,0,0,0,0,0,0,0,0,0,0,0,0,1,2,1,0,0,0,0,0
2018-02-20,2018-02-20,11.76364008,13,0,0,1,4,0,4,2,2,8,2,0,21,10,0,0,1,0,3,24,1,0,1,0,2,0,1,1,0,0,0,0,0,1,0,0,0,2,0,0,0,0,2,0,0,1,1,2,1,1,1,7,0,0,7,2,0,2,1,0,1,1,3,0,3,0,0,0,0,1,2,2,0,0,3,1,7,7,0,2,0,1,0,1,0,6,0,0,6,0,0,2,1,0,2,4,2,0,0,0
2018-02-21,2018-02-21,11.19584575,1,0,0,0,0,0,1,0,2,4,0,0,58,0,0,0,1,0,3,30,5,1,2,2,0,0,0,3,1,0,0,0,0,0,0,0,0,0,2,0,10,0,0,1,0,0,0,0,0,1,1,14,0,0,4,3,29,6,0,0,0,1,5,0,2,2,12,1,0,0,0,0,0,1,4,0,2,2,0,0,0,0,0,4,0,2,0,0,0,1,0,1,2,0,10,2,0,0,0,0
2018-02-22,2018-02-22,7.084950945,13,0,0,0,0,0,1,1,1,5,0,0,45,1,3,2,0,0,4,8,8,3,2,0,2,0,0,4,0,0,1,0,1,0,0,0,0,1,0,0,4,0,2,1,0,0,1,1,0,6,2,9,0,0,7,15,1,3,2,1,1,2,2,1,2,2,3,0,0,1,0,0,0,0,3,2,4,2,0,0,0,1,1,0,2,1,0,0,2,2,0,1,0,1,4,3,4,0,0,0
2018-02-23,2018-02-23,4.258347416,2,0,0,0,0,3,1,0,1,2,0,0,25,0,4,0,0,0,1,6,2,1,0,3,0,0,0,1,0,0,0,0,2,0,0,0,0,0,0,0,0,0,1,0,0,0,2,1,0,1,0,4,0,0,1,9,0,1,0,4,0,0,3,0,1,2,3,0,0,0,0,0,0,0,0,2,0,6,0,2,0,0,0,0,1,0,0,0,0,0,0,0,0,1,2,1,1,2,0,0
2018-02-24,,,0,0,0,0,0,0,0,0,0,0,0,0,5,0,0,3,0,0,0,0,0,0,0,0,0,0,0,0,0,0,0,0,0,0,0,0,0,0,0,0,0,0,0,0,0,0,0,0,0,0,0,0,0,0,0,0,0,0,0,0,0,0,0,0,0,0,0,0,0,0,0,0,0,0,0,0,0,0,0,0,0,0,0,0,0,1,0,0,0,0,0,0,0,0,0,0,0,0,0,0
2018-02-25,,,1,2,1,2,2,2,1,0,0,0,1,0,4,1,1,2,1,0,5,8,1,5,9,0,3,0,1,4,0,0,0,1,0,0,0,0,0,9,0,0,1,0,0,0,0,0,0,2,1,1,0,5,1,0,0,0,0,2,0,0,0,1,3,1,3,0,0,0,0,0,0,0,0,0,1,0,0,5,0,0,2,1,0,1,2,1,1,0,0,0,0,0,0,0,5,0,0,0,0,0
2018-02-26,2018-02-26,6.082204473,8,0,0,0,0,0,0,0,0,1,0,0,24,0,0,1,0,0,5,11,1,1,0,0,9,0,0,8,0,0,0,0,0,0,0,0,0,0,0,0,4,0,0,0,0,0,0,1,0,3,2,7,0,0,11,0,0,0,2,0,2,1,5,0,1,2,2,1,0,2,0,0,0,0,1,0,1,19,0,1,0,0,0,0,1,3,0,0,0,0,0,3,2,0,1,7,0,2,0,0
2018-02-27,2018-02-27,11.7101287,4,14,1,4,3,0,7,2,2,2,3,0,34,2,0,0,0,0,5,5,6,9,1,0,0,0,10,3,4,0,2,2,1,2,0,0,0,1,0,0,0,0,0,2,0,0,2,5,5,2,1,23,0,1,2,1,0,0,1,2,0,3,10,1,2,0,15,4,0,0,0,0,0,0,0,1,2,6,0,4,4,4,0,2,2,4,0,0,0,0,1,1,1,7,4,7,0,0,0,0
2018-02-28,2018-02-28,18.50625785,20,0,2,3,0,2,3,1,2,3,0,0,18,5,2,1,1,0,7,18,7,0,1,1,3,0,0,3,1,0,1,0,1,1,4,0,0,0,0,0,5,0,5,5,0,0,0,1,1,7,0,33,0,1,4,7,1,1,3,0,1,6,12,1,7,0,16,0,0,1,10,7,0,0,0,0,4,8,0,0,1,1,0,1,2,5,0,0,2,0,0,1,1,3,4,13,1,2,0,0
2018-03-01,2018-03-01,20.36606605,24,2,1,2,2,7,12,4,22,11,3,1,63,6,9,5,3,0,8,42,16,1,4,1,18,0,3,1,1,11,2,3,3,1,1,0,0,1,0,0,8,0,5,12,0,1,0,5,1,7,0,24,1,0,10,13,2,12,3,1,1,11,19,0,6,1,5,2,0,1,0,0,0,0,2,2,2,11,0,2,0,0,0,0,5,4,0,0,1,0,0,0,1,3,12,9,8,1,0,0
2018-03-02,2018-03-02,16.53107231,29,7,0,3,4,3,3,3,8,6,6,0,48,5,5,4,0,0,1,24,15,1,6,0,8,0,5,1,2,4,1,0,1,2,4,0,0,1,0,0,1,0,1,1,0,11,0,3,3,2,0,17,0,0,3,4,1,4,0,0,0,3,22,1,2,4,0,2,0,2,1,1,0,0,1,10,7,0,0,4,0,1,1,1,0,5,0,0,16,0,4,0,2,1,14,13,2,0,0,0
2018-03-03,,,0,0,0,0,0,0,0,0,0,1,0,0,0,0,2,0,0,0,0,3,0,0,0,0,0,0,0,0,0,0,0,0,0,2,1,0,0,0,0,0,0,0,3,0,0,0,0,0,0,1,0,1,0,0,1,8,0,0,0,0,1,8,1,0,0,0,0,0,0,0,0,0,0,0,0,0,0,0,0,0,0,0,0,0,0,0,0,0,1,0,0,0,0,1,0,0,0,0,0,0
2018-03-04,,,0,0,0,0,0,0,0,0,0,0,0,0,0,0,0,0,0,0,0,0,0,0,0,0,0,0,0,3,0,0,0,0,0,0,0,0,0,0,0,0,0,0,0,0,0,0,0,0,0,0,0,0,0,0,0,0,0,0,0,0,0,0,0,0,0,0,0,0,0,0,0,0,0,0,0,0,0,0,0,0,0,0,0,0,0,0,0,0,0,0,0,2,1,0,5,0,0,0,0,0
2018-03-05,2018-03-05,13.40531617,2,0,4,1,0,0,4,0,3,3,0,0,31,1,4,0,0,0,0,7,3,4,1,0,3,0,1,10,2,0,0,0,0,4,1,0,0,1,0,2,1,0,5,2,0,0,1,1,2,5,1,25,0,0,12,25,10,1,0,0,1,8,3,0,1,0,3,0,0,1,14,12,1,0,2,0,0,5,0,0,0,1,8,1,3,5,2,0,4,1,0,2,0,5,1,10,1,0,0,0
2018-03-06,2018-03-06,9.557224015,7,6,6,7,10,5,6,2,5,7,3,0,42,2,6,2,2,0,6,18,1,6,3,5,1,1,1,12,2,0,1,2,0,2,5,0,0,1,0,1,1,0,1,2,0,1,1,0,1,2,0,17,1,0,16,43,1,3,0,0,1,6,10,0,8,0,0,5,1,3,15,13,0,1,1,2,7,5,0,0,1,1,0,2,1,9,0,0,3,0,0,3,1,2,9,3,4,1,0,0
2018-03-07,2018-03-07,10.17387099,15,0,1,1,6,1,4,1,1,7,1,0,51,7,6,2,0,0,8,14,13,2,2,0,2,0,1,24,2,0,0,1,1,3,6,1,0,0,0,1,4,0,0,3,0,0,0,7,4,3,5,10,0,0,10,11,0,2,1,0,0,2,7,0,4,0,4,2,0,0,0,0,0,0,3,2,0,2,0,0,1,1,1,2,3,3,0,0,1,0,0,1,1,2,8,2,1,0,0,0
2018-03-08,2018-03-08,10.3443273,27,0,26,3,6,0,1,1,5,1,1,0,69,1,2,3,3,0,8,26,5,1,3,3,3,7,0,9,0,0,0,3,1,1,4,0,0,4,0,0,3,0,6,0,0,0,0,10,0,10,4,19,0,0,4,14,1,6,2,0,1,3,11,2,9,3,12,1,0,1,1,1,0,0,2,1,11,11,0,0,0,3,0,0,1,2,0,1,5,1,0,4,0,3,5,2,2,0,0,0
2018-03-09,2018-03-09,10.09018461,6,0,3,1,0,0,0,0,7,0,0,0,3,0,0,0,0,0,3,7,0,16,1,0,6,0,0,3,1,0,0,0,0,0,1,0,0,0,0,0,1,0,2,3,0,1,0,1,0,1,1,49,0,0,4,6,0,2,0,0,0,0,12,0,5,0,2,9,0,0,0,0,0,0,2,0,0,2,0,1,0,3,0,0,0,2,0,0,1,1,0,0,1,0,2,7,2,0,0,0
2018-03-10,,,0,0,0,0,0,0,0,0,0,0,0,0,0,0,0,0,0,0,0,1,0,1,0,0,1,0,0,1,0,0,0,0,0,0,0,0,0,0,0,0,0,0,0,0,0,0,0,0,0,0,0,0,0,0,8,1,0,0,0,0,0,0,1,0,1,0,0,0,0,0,0,0,0,0,0,0,0,0,0,0,0,0,0,0,0,0,0,0,0,0,0,0,0,0,0,0,0,0,0,0
2018-03-11,,,0,0,1,0,0,0,1,0,4,1,1,0,11,0,5,0,0,0,0,4,0,0,0,0,1,0,0,2,0,0,0,0,0,0,2,0,0,0,0,1,0,0,3,0,0,1,0,1,0,0,0,2,0,0,2,7,1,0,1,0,0,1,0,0,1,0,0,0,0,0,3,3,0,0,0,0,0,2,0,1,0,0,0,1,1,0,0,0,4,0,0,0,1,1,6,3,0,0,0,0
2018-03-12,2018-03-12,9.714131799,5,0,2,0,0,1,0,0,5,4,1,0,12,0,5,0,0,0,1,18,12,1,0,1,12,0,0,4,1,0,3,0,6,0,1,0,0,0,0,1,4,0,3,3,0,1,2,0,0,3,0,11,0,0,13,1,7,2,1,2,1,1,11,0,4,1,6,1,0,0,21,17,0,0,2,0,2,20,1,1,0,0,0,4,0,0,0,0,2,0,0,0,2,5,5,15,1,0,0,0
2018-03-13,2018-03-13,6.646149178,1,0,6,1,2,3,0,0,0,1,3,0,12,3,1,5,39,0,9,11,4,0,1,0,2,0,1,9,0,0,0,1,0,0,3,0,0,4,0,0,3,0,0,2,0,0,0,1,0,4,1,26,0,1,7,32,3,1,1,2,0,5,5,0,1,1,13,2,0,2,0,0,0,0,2,2,7,1,0,0,0,0,0,1,0,9,0,0,0,0,0,1,1,7,3,10,1,0,0,0
2018-03-14,2018-03-14,6.396375375,10,1,2,4,1,9,5,1,0,4,1,0,20,11,1,1,0,0,1,9,1,0,2,0,6,0,1,1,2,3,0,0,0,0,1,0,0,1,0,0,0,0,6,4,0,0,0,2,1,1,0,51,0,0,0,21,0,0,1,0,2,2,5,0,3,0,24,0,0,0,12,9,0,0,1,1,3,2,0,1,0,1,0,2,6,6,0,0,0,0,1,0,1,5,3,2,1,0,0,0
2018-03-15,2018-03-15,5.280553065,9,1,0,2,0,1,4,1,5,7,4,0,31,2,4,1,0,0,0,12,8,2,0,1,3,0,1,7,1,0,2,0,0,0,2,0,0,0,0,0,0,0,5,3,0,1,4,2,0,9,1,22,2,0,32,31,0,3,0,1,2,3,5,0,1,2,16,0,0,0,3,3,0,0,2,3,6,10,0,0,0,0,0,1,0,5,0,0,3,2,0,5,0,6,5,3,1,0,0,0
2018-03-16,2018-03-16,20.31585036,1,8,3,0,1,4,2,4,5,4,0,0,44,0,3,1,7,0,3,13,13,1,0,0,12,3,0,10,4,0,0,0,0,0,0,0,0,0,2,7,0,0,2,4,0,1,0,1,0,1,1,26,2,0,11,7,0,9,1,0,3,9,5,0,15,1,4,0,0,0,0,0,0,0,2,4,0,5,0,0,1,3,0,4,6,10,0,0,4,0,0,1,1,3,21,1,6,0,0,0
2018-03-17,,,1,0,0,0,0,0,0,0,0,0,0,0,0,0,0,1,0,0,1,4,0,0,0,0,0,0,2,0,0,0,0,0,0,0,1,0,0,0,0,0,0,0,0,0,0,0,0,0,0,2,0,0,0,0,2,1,1,0,0,1,0,0,0,0,1,0,0,0,0,0,0,0,0,0,0,0,3,0,0,0,0,0,1,0,0,0,0,0,0,0,0,0,0,0,0,1,0,0,0,0
2018-03-18,,,6,0,0,1,0,1,2,0,0,1,1,0,13,2,3,0,0,0,0,6,2,1,0,0,2,0,0,1,0,0,0,0,0,0,0,0,0,0,0,0,0,0,1,0,0,0,0,3,0,0,4,4,0,0,0,11,0,2,0,0,1,3,3,0,1,0,0,1,0,0,5,4,0,0,0,0,0,1,0,0,0,1,0,0,1,4,0,0,3,0,0,3,2,0,1,4,0,0,0,0
2018-03-19,2018-03-19,7.525699709,4,1,5,0,6,1,6,1,3,4,0,0,31,4,4,3,0,0,5,21,3,2,7,0,10,0,0,5,0,0,1,4,2,0,0,0,0,2,0,1,3,0,2,1,0,1,1,1,0,2,1,7,0,0,7,2,3,0,0,0,0,16,8,1,3,1,0,1,0,2,5,5,0,0,1,0,19,6,0,0,2,2,0,0,1,1,0,0,0,0,0,1,1,4,3,2,0,0,5,0
2018-03-20,2018-03-20,4.518570496,2,4,12,0,0,1,3,0,4,2,1,0,39,3,4,2,2,0,1,20,7,5,3,0,1,0,0,1,0,0,1,3,2,1,2,0,0,1,0,0,3,0,7,6,0,0,0,3,1,7,1,31,0,1,1,7,1,1,0,0,0,12,4,2,10,9,3,2,0,0,26,22,0,0,2,0,2,12,0,0,0,0,0,0,1,1,0,0,0,0,0,2,0,1,2,10,1,0,0,0
2018-03-21,2018-03-21,3.697771467,12,0,2,6,16,11,11,0,3,7,5,0,16,4,3,4,1,0,3,40,10,6,8,0,1,0,12,7,6,0,1,4,0,0,0,1,0,0,0,0,27,0,4,3,0,0,0,0,2,3,3,7,0,0,9,3,5,1,1,0,0,7,10,0,13,2,10,1,0,0,6,6,0,0,3,0,18,1,0,9,0,2,0,4,2,2,0,0,1,0,1,3,2,3,2,4,3,1,0,0
2018-03-22,2018-03-22,11.71886869,4,1,1,1,1,4,2,1,3,1,1,0,52,2,5,0,1,0,6,23,2,5,0,6,7,0,1,10,1,0,0,0,3,2,6,1,0,0,0,0,5,0,10,1,0,0,3,2,0,7,8,18,0,0,10,13,1,4,1,0,3,17,9,0,5,6,1,0,0,2,13,13,0,1,5,2,1,8,1,2,0,0,16,4,3,7,0,0,1,0,0,1,4,2,5,12,6,0,0,0
2018-03-23,2018-03-23,10.81333988,5,1,5,11,19,5,1,2,0,0,0,5,18,2,1,9,1,0,10,18,1,8,13,0,5,1,0,11,1,4,3,4,0,0,1,0,0,5,0,0,3,0,3,0,0,0,0,0,1,3,15,16,1,1,2,5,1,0,0,0,2,1,7,1,1,0,0,5,0,0,16,13,0,0,2,0,2,1,0,0,4,0,6,2,1,0,0,0,1,0,1,0,0,5,0,2,0,0,0,0
2018-03-24,,,0,0,0,3,4,3,0,0,0,0,0,0,0,0,0,1,0,0,0,2,0,0,4,0,0,0,0,0,0,0,0,0,0,0,0,0,0,0,0,0,0,0,1,0,0,0,0,0,0,0,0,0,0,0,1,0,0,0,0,0,0,0,0,0,0,0,0,0,0,0,0,0,0,0,0,0,0,0,0,0,0,0,0,0,0,0,0,0,0,0,0,0,0,0,0,0,0,0,0,0
2018-03-26,2018-03-26,9.443344808,6,0,5,0,2,5,0,1,5,2,2,0,19,0,2,9,0,0,2,20,5,11,1,2,7,0,0,7,0,0,1,0,0,1,0,0,0,1,2,0,3,0,2,1,0,2,1,2,0,5,0,25,1,0,18,5,3,3,3,1,1,8,15,0,0,11,5,1,0,0,0,0,0,0,2,2,5,10,0,1,1,1,0,0,1,1,0,1,2,0,0,0,2,2,1,16,2,0,5,0
2018-03-27,2018-03-27,11.73535345,7,0,0,2,4,0,1,1,3,7,1,0,11,0,4,8,0,0,10,20,7,0,1,0,2,0,0,11,0,0,0,0,0,0,1,0,0,0,0,0,9,0,2,2,0,1,0,3,0,0,0,8,0,0,6,7,3,2,0,0,1,0,5,0,6,0,2,4,0,0,0,0,0,0,1,1,7,2,0,0,1,2,0,0,0,1,0,0,2,0,0,1,1,3,4,7,2,1,0,0
2018-03-28,2018-03-28,11.74503154,5,0,10,0,0,1,0,0,5,7,0,1,24,2,1,2,0,0,2,21,1,5,0,0,6,0,0,13,1,0,0,1,2,1,0,0,0,1,1,2,4,0,7,2,0,2,1,3,1,2,6,17,0,0,22,22,15,2,0,0,1,6,7,0,10,1,7,2,0,2,1,1,0,0,3,0,1,6,0,0,0,0,2,2,4,3,0,0,0,1,0,3,4,5,14,10,2,0,0,0
2018-03-29,2018-03-29,13.84354715,1,0,13,1,8,4,2,1,5,7,2,0,105,0,3,1,0,0,3,35,14,3,0,0,9,0,1,14,0,0,1,0,0,0,0,0,0,0,0,0,5,0,6,0,0,0,0,8,6,4,1,20,0,0,13,26,0,3,5,0,0,9,11,0,3,0,5,0,0,0,1,1,0,0,3,2,7,6,1,1,2,1,0,0,5,4,0,0,0,0,0,2,5,1,10,8,5,0,0,0
2018-03-30,,,4,0,13,1,4,3,0,0,2,0,0,0,0,0,0,0,1,0,2,16,0,0,5,0,2,0,0,1,0,0,0,1,0,1,0,0,0,0,0,1,0,0,1,0,0,0,0,1,0,1,0,1,0,0,3,7,2,1,1,0,0,1,5,0,8,0,0,0,0,0,0,0,0,0,2,0,4,3,0,0,0,0,1,0,0,0,0,0,3,0,0,0,0,1,1,0,0,0,0,0
2018-03-31,,,0,0,0,0,0,0,0,0,0,0,0,0,0,0,0,0,0,0,0,3,0,1,0,0,0,0,0,0,0,0,0,0,0,0,0,0,0,0,0,0,0,0,0,0,0,0,0,0,0,0,0,0,0,0,0,0,0,0,0,0,0,0,0,0,0,0,0,0,0,0,0,0,0,0,0,0,0,0,0,0,0,0,0,0,0,0,0,0,0,0,0,0,0,0,0,0,0,0,0,0
2018-04-01,,,1,1,12,0,3,3,0,0,0,0,0,0,0,0,2,0,0,0,0,3,1,0,4,0,0,0,0,0,0,0,0,0,0,0,0,0,0,1,0,0,0,0,0,0,0,0,0,0,0,1,0,1,0,0,5,7,0,0,1,0,0,1,1,0,0,0,0,0,0,0,0,0,0,0,1,0,0,2,0,0,0,0,0,0,0,8,0,0,0,0,0,2,0,0,1,1,0,0,0,0
2018-04-02,2018-04-02,17.98538047,8,0,0,1,5,0,6,1,0,3,2,0,16,7,2,1,1,0,2,9,6,2,0,0,4,0,0,2,3,0,0,4,0,0,0,0,0,0,1,0,1,0,0,0,0,0,0,0,0,4,4,4,0,0,2,6,0,3,1,0,3,1,4,0,0,1,2,0,0,3,1,1,0,0,0,0,5,0,0,1,0,0,0,0,0,2,1,0,0,0,0,0,0,0,4,18,0,0,0,0
2018-04-03,2018-04-03,14.57391705,10,0,0,0,0,1,0,0,3,3,0,0,34,0,5,2,0,0,0,46,2,4,0,0,28,0,0,6,0,0,0,0,0,2,4,0,0,6,0,1,4,0,12,4,0,0,0,0,0,0,0,13,0,0,9,1,2,3,1,0,0,7,16,0,5,1,2,8,0,2,11,10,2,0,1,0,7,18,0,0,0,0,1,1,1,0,0,0,7,0,0,1,0,1,4,2,3,0,0,0
2018-04-04,2018-04-04,15.08979512,4,0,3,1,0,2,2,0,6,6,1,0,38,0,7,1,1,0,1,22,2,1,2,1,4,0,0,4,1,0,0,0,0,0,1,1,0,2,0,0,3,0,3,2,0,0,0,0,0,5,1,15,0,0,7,30,1,2,1,0,1,1,6,0,5,0,3,0,2,1,0,0,0,0,1,0,1,1,1,1,0,2,0,0,0,4,0,1,1,0,0,0,0,3,8,7,3,0,0,0
2018-04-05,2018-04-05,10.44614219,5,1,1,1,7,2,1,0,1,3,2,0,42,2,1,1,3,0,4,20,1,2,4,0,7,2,0,13,0,0,1,1,0,0,3,0,0,0,1,8,3,0,5,2,0,0,0,6,0,4,3,8,2,0,3,17,1,1,1,0,0,7,12,1,6,3,0,1,1,1,0,0,0,0,1,1,3,3,0,0,3,1,5,0,1,1,0,0,2,1,0,0,2,4,10,6,1,0,0,0
2018-04-06,2018-04-06,11.44334119,12,0,2,4,6,8,2,1,1,3,5,0,16,3,0,5,1,0,19,26,1,10,16,0,2,0,8,7,6,2,2,7,0,0,0,0,0,1,0,0,4,0,1,3,0,1,0,1,5,5,1,25,0,0,8,8,1,1,0,0,1,2,5,2,5,1,3,3,0,0,0,0,0,0,1,0,10,5,0,7,2,0,0,0,0,5,0,0,1,0,3,2,0,7,4,1,1,0,0,0
2018-04-07,,,0,0,0,0,0,0,0,0,0,0,0,0,0,0,1,0,0,0,1,2,0,0,0,0,0,0,0,1,0,0,0,0,0,0,1,0,0,0,0,0,1,0,1,0,0,0,0,1,0,1,0,1,0,2,0,4,2,0,0,0,0,3,5,0,2,0,0,0,0,0,0,0,0,0,0,0,0,0,0,0,0,0,0,0,0,1,0,0,0,0,0,0,0,0,1,0,0,0,0,0
2018-04-08,,,3,0,0,0,0,0,0,0,0,1,0,0,0,0,1,0,0,0,0,7,1,0,0,0,1,0,0,0,0,0,0,0,0,0,0,0,0,0,0,0,1,0,1,0,0,0,0,0,0,0,1,4,0,0,2,0,0,1,0,0,0,0,0,0,0,0,0,0,0,0,0,0,0,0,0,0,0,0,0,0,0,0,0,1,0,0,0,0,0,0,0,0,0,0,0,0,1,0,0,0
2018-04-09,2018-04-09,9.002549143,6,0,0,0,0,7,1,0,4,4,0,0,49,1,6,0,0,0,0,14,13,3,0,1,5,0,0,7,1,0,1,0,4,1,5,0,0,0,0,0,2,0,5,2,0,0,0,3,2,4,1,36,0,0,19,50,1,1,0,0,0,7,15,1,6,2,24,2,0,2,1,1,0,0,1,0,3,5,0,0,0,4,0,0,1,3,0,0,0,1,0,11,4,0,5,16,5,0,0,0
2018-04-10,2018-04-10,12.60515579,4,0,4,1,0,4,0,0,29,5,0,3,40,1,1,8,0,0,0,22,0,0,0,0,4,0,0,1,3,0,0,1,0,3,0,0,0,1,0,0,0,0,2,1,0,1,2,2,0,2,0,9,0,0,7,5,3,3,1,0,1,3,7,0,5,5,0,0,0,0,3,1,2,0,0,1,4,3,0,0,0,0,0,0,0,2,0,0,0,0,0,1,1,2,7,1,3,1,0,0
2018-04-11,2018-04-11,8.139163779,3,0,1,2,2,4,5,2,2,0,1,0,10,3,4,3,0,0,4,25,0,3,1,0,4,0,1,0,0,0,0,0,0,0,2,0,0,0,0,0,3,0,4,1,0,0,0,4,0,0,3,4,0,0,7,2,2,0,0,0,0,3,1,0,3,1,0,4,0,0,10,6,0,0,1,0,11,4,0,0,1,0,0,2,0,1,0,0,4,0,0,4,0,6,0,7,0,0,7,0
2018-04-12,2018-04-12,9.706114652,0,0,0,0,0,0,1,0,4,4,0,0,15,0,11,1,0,0,1,19,3,0,0,0,4,0,0,4,3,0,1,0,0,0,0,0,0,0,0,2,3,0,4,0,0,0,0,0,0,0,0,22,0,0,3,0,0,4,0,0,0,5,6,0,5,0,3,0,0,1,14,13,0,0,1,0,4,10,0,0,1,0,4,0,1,0,0,0,2,0,0,0,1,0,2,3,3,0,0,0
2018-04-13,2018-04-13,7.922319389,9,0,0,0,0,1,0,0,28,9,0,0,13,0,5,0,0,0,0,20,6,0,0,0,7,0,0,1,0,0,0,0,0,0,1,1,0,1,0,0,0,0,1,11,0,4,0,1,0,1,0,20,0,0,10,9,0,3,0,0,1,14,20,0,1,0,3,0,0,0,1,1,0,0,2,2,1,13,0,1,0,1,0,0,1,5,0,0,6,0,0,0,1,0,5,3,2,0,0,0
2018-04-14,,,0,0,6,0,0,0,0,0,2,1,1,0,2,0,0,0,0,0,0,5,0,1,0,0,0,0,0,1,0,0,0,0,0,0,0,0,0,0,0,1,0,0,0,2,0,0,0,0,0,0,0,4,0,0,0,10,10,1,0,0,0,0,1,0,0,0,0,0,0,0,0,0,0,0,0,1,3,1,0,0,0,0,1,0,0,0,0,0,4,0,0,0,0,0,0,1,1,0,0,0
2018-04-15,,,0,0,0,0,0,0,1,0,0,0,0,0,0,1,0,0,0,0,0,2,0,0,0,0,0,0,0,0,0,0,0,0,0,2,2,0,0,0,0,0,0,0,0,0,0,0,1,0,0,0,0,0,0,0,7,19,0,0,0,1,3,1,1,0,0,0,0,0,0,1,0,0,0,0,0,0,0,0,0,5,1,0,0,0,0,5,0,1,0,0,0,0,0,0,0,0,0,0,0,0
2018-04-16,2018-04-16,9.721273014,9,1,0,0,0,0,1,0,12,3,0,1,52,0,7,0,0,0,0,20,15,4,1,0,11,0,0,4,0,0,0,0,0,1,1,0,1,1,0,0,1,0,6,4,0,0,0,4,0,3,0,14,0,1,12,21,1,2,2,0,5,7,11,0,8,2,1,0,0,4,3,2,0,0,0,0,7,13,0,1,1,0,0,0,5,2,0,0,5,0,0,1,1,1,2,5,1,0,0,0
2018-04-17,2018-04-17,11.93051159,8,0,2,0,0,1,0,0,17,5,4,0,37,0,0,30,0,0,4,18,2,1,0,0,4,0,0,5,0,0,0,0,0,4,0,1,0,0,0,3,7,0,3,6,0,1,0,2,0,2,0,27,0,1,4,13,1,2,2,0,0,3,11,0,0,0,3,0,0,2,1,1,1,0,3,0,0,7,0,0,0,1,0,0,3,6,0,0,1,2,0,0,2,2,2,1,2,0,0,0
2018-04-18,2018-04-18,7.368644401,15,0,5,1,6,2,1,2,9,28,0,0,33,4,9,0,0,0,6,15,17,14,2,0,6,0,0,4,0,0,1,0,0,0,0,0,0,3,0,0,8,0,2,2,1,9,0,6,0,0,1,18,0,1,1,0,1,3,1,0,2,23,18,0,5,0,1,6,0,1,0,0,0,0,0,4,8,4,0,0,1,1,0,1,1,3,0,0,10,0,1,1,2,0,7,7,5,0,0,0
2018-04-19,2018-04-19,11.70379881,29,5,19,3,6,7,3,1,15,9,1,10,58,5,6,3,2,0,0,25,7,6,5,1,9,1,0,3,5,0,1,3,0,3,2,0,0,0,1,0,1,0,8,13,0,1,1,6,1,5,3,30,0,2,4,9,1,7,2,0,1,8,8,0,4,5,11,4,0,1,28,21,0,1,0,0,3,24,0,0,1,0,0,1,4,12,1,0,5,1,0,5,6,4,6,10,5,0,0,0
2018-04-20,2018-04-20,14.2392361,8,0,0,0,0,0,3,0,11,5,1,1,36,0,3,2,0,0,0,6,3,1,1,0,7,0,0,2,0,0,0,0,0,0,0,0,0,0,0,0,0,0,3,1,0,1,0,4,0,0,1,10,0,0,3,12,0,1,0,0,4,6,5,0,0,0,1,0,0,1,10,7,0,0,0,0,3,4,0,0,0,0,0,1,0,2,0,0,0,0,0,1,0,0,3,6,2,0,0,0
2018-04-21,,,6,0,1,0,0,1,4,0,4,1,0,0,3,2,0,0,0,0,4,0,0,1,1,0,0,0,0,11,0,0,0,0,0,0,0,1,0,0,0,0,0,0,1,0,0,2,0,0,1,1,0,6,0,0,0,1,1,2,0,0,0,2,3,0,0,0,0,1,0,0,0,0,0,0,0,0,0,2,0,0,1,0,0,0,0,0,0,0,0,0,0,0,0,1,0,1,2,0,0,0
2018-04-22,,,1,0,0,0,0,0,0,0,0,0,0,0,0,0,0,0,0,0,0,0,0,0,0,0,0,0,0,0,0,0,0,0,0,0,0,0,0,0,0,0,0,0,0,0,0,0,0,0,0,0,0,3,0,0,1,1,0,0,0,0,0,0,0,0,0,0,1,0,0,0,0,0,0,0,0,0,0,0,0,0,0,0,0,0,0,0,0,0,0,0,0,0,0,0,2,0,0,0,0,0
2018-04-23,2018-04-23,6.21720262,32,0,5,5,20,4,46,3,7,5,0,0,30,7,2,19,2,0,19,23,3,4,8,1,2,0,11,4,7,0,10,5,0,1,4,0,0,2,0,40,2,0,5,0,0,0,0,1,4,0,3,13,0,0,7,13,0,1,0,0,1,1,0,2,1,0,4,6,0,1,1,1,0,0,0,1,5,1,0,2,1,0,0,1,3,2,0,0,1,0,0,4,4,11,2,4,1,0,0,0
2018-04-24,2018-04-24,11.58543375,7,6,8,3,1,5,0,3,3,4,2,0,43,0,7,4,3,0,4,26,7,1,1,0,3,0,0,8,0,0,1,0,0,0,1,0,0,0,2,5,3,0,12,0,0,1,0,2,0,1,6,26,1,0,4,0,4,3,2,1,3,1,5,0,15,0,8,0,0,1,4,2,0,0,2,0,11,7,0,1,0,2,0,2,5,3,0,0,0,0,0,4,0,2,2,7,2,0,0,0
2018-04-25,2018-04-25,10.06323069,6,0,0,0,0,2,3,2,15,16,3,0,39,2,7,0,0,0,3,25,5,3,0,2,12,0,0,2,0,0,0,0,1,0,0,0,0,0,0,0,2,0,9,4,0,3,0,2,0,2,5,15,0,1,8,3,0,3,0,1,2,8,15,0,8,3,4,0,0,2,0,0,0,0,1,0,3,13,0,2,1,1,0,0,5,3,0,0,7,0,0,5,3,0,6,10,4,0,0,0
2018-04-26,2018-04-26,15.26558499,7,0,3,0,0,0,1,0,7,12,1,0,26,0,11,0,0,0,3,22,6,2,1,5,1,0,0,6,0,0,0,1,2,0,1,0,0,0,0,0,13,0,6,3,0,1,1,6,0,1,1,12,0,0,7,14,2,2,2,0,0,4,15,0,1,2,10,0,0,0,2,2,0,2,0,0,3,7,0,0,0,1,0,1,2,0,0,0,7,0,0,0,4,6,2,21,2,0,0,0
2018-04-27,2018-04-27,14.7790927,5,0,3,3,8,0,0,1,8,10,2,0,19,1,6,0,0,0,1,22,8,2,2,2,11,0,0,7,0,0,2,0,0,0,1,0,0,0,2,0,1,0,1,2,0,4,0,3,0,13,6,16,1,0,7,11,5,5,2,0,1,2,3,0,1,2,7,0,0,2,0,0,0,0,0,0,2,4,0,2,2,0,0,1,3,2,0,0,3,1,0,6,2,0,1,11,7,0,0,0
2018-04-28,,,1,0,0,0,0,0,0,0,20,4,0,0,1,0,0,0,0,0,0,0,2,1,0,0,5,0,0,3,0,0,0,0,0,1,0,0,0,0,0,0,4,0,2,7,0,0,0,3,0,0,0,7,0,0,1,2,0,0,0,0,0,5,2,0,1,0,7,0,0,0,0,0,0,0,0,0,0,3,0,0,0,0,0,0,1,1,0,0,2,0,0,0,0,1,5,4,0,0,0,0
2018-04-29,,,0,0,0,0,0,2,0,0,1,0,0,0,4,0,0,0,0,0,1,4,0,0,0,0,1,0,0,1,0,0,0,0,0,0,0,0,0,0,0,2,1,0,0,0,0,1,0,0,0,0,0,2,0,0,0,2,0,0,0,0,0,4,3,0,0,0,0,0,0,1,15,10,0,0,2,0,0,0,0,0,0,0,1,1,1,0,0,0,0,0,0,1,0,0,0,3,0,0,0,0
2018-04-30,2018-04-30,17.40705529,3,0,1,1,0,1,0,0,1,8,1,0,26,0,5,1,0,0,2,3,5,0,3,0,0,0,0,6,0,0,0,0,0,0,4,0,0,0,0,0,0,0,0,5,0,0,0,3,0,1,0,20,0,0,4,16,1,0,1,0,0,1,3,0,2,2,6,0,1,0,0,0,0,0,1,0,0,15,0,0,0,0,0,2,1,7,0,0,2,0,0,3,1,2,2,2,1,1,0,0
2018-05-01,2018-05-01,12.70951179,2,1,2,0,1,2,1,0,9,3,1,0,22,0,3,0,0,0,2,6,2,1,0,0,0,3,0,1,1,0,1,0,0,0,1,0,0,0,2,2,0,0,2,6,0,0,0,0,0,5,3,5,1,0,14,16,8,0,1,0,0,6,2,0,5,1,1,4,0,1,0,0,0,0,0,0,3,5,0,2,1,0,3,0,1,0,0,0,1,0,0,2,1,6,3,14,0,0,0,0
2018-05-02,2018-05-02,13.15496528,3,0,0,0,0,1,0,0,2,2,0,0,9,0,0,0,1,0,3,6,0,5,0,0,2,1,0,1,0,0,0,0,1,3,2,0,0,0,0,0,2,0,2,1,0,0,0,3,0,0,2,1,0,0,5,8,0,1,1,1,0,2,1,3,3,3,0,5,0,0,7,7,0,0,1,0,0,3,0,0,0,0,0,0,1,3,0,0,1,1,0,2,0,3,0,2,1,0,0,0
2018-05-03,2018-05-03,10.19687251,2,2,3,1,0,2,0,1,5,7,0,0,64,0,1,0,2,0,7,10,5,2,1,0,5,1,0,16,1,0,6,0,0,0,9,0,0,1,1,6,10,0,3,4,0,3,0,8,1,4,5,14,0,0,7,29,1,5,1,0,1,7,11,0,16,2,1,4,6,2,5,5,0,0,1,1,1,5,0,1,1,0,4,0,1,6,0,0,4,1,0,3,1,8,5,12,9,0,0,0
2018-05-04,2018-05-04,8.845676142,11,18,2,2,7,6,6,1,7,6,2,16,16,19,4,2,0,0,0,18,0,2,2,0,7,0,0,2,6,0,0,1,0,0,0,0,0,0,0,2,4,0,6,5,0,0,0,0,0,0,1,20,0,1,3,2,5,1,0,0,1,2,9,1,6,1,0,2,0,0,0,0,0,0,3,1,6,3,0,0,0,1,1,1,2,3,0,0,2,0,0,2,2,3,6,6,0,0,0,0
2018-05-06,,,0,1,0,1,0,0,0,0,0,2,0,1,2,0,0,0,0,0,0,3,0,0,0,0,0,0,0,3,0,0,0,0,0,0,3,0,0,0,0,0,0,0,0,0,0,0,1,0,0,0,0,16,0,0,5,7,0,0,0,0,0,0,0,0,2,0,0,1,0,0,0,0,0,0,0,0,0,0,0,1,0,0,0,1,0,0,0,0,0,0,0,1,0,0,0,4,0,0,0,0
2018-05-07,2018-05-07,9.204730379,1,0,0,0,0,0,0,0,5,5,0,0,15,0,1,3,0,0,0,12,0,0,0,0,7,0,0,3,2,0,0,0,0,0,1,2,0,0,0,0,8,0,46,0,0,0,0,0,0,4,0,4,0,0,6,11,2,0,1,11,2,8,0,0,0,0,2,0,1,1,0,0,0,1,0,0,6,7,0,0,0,0,0,0,17,0,0,0,1,0,0,1,0,2,2,3,0,0,0,0
2018-05-08,2018-05-08,13.27166013,3,2,1,1,1,0,0,0,1,1,1,1,16,1,1,0,1,0,2,20,1,3,3,0,1,1,0,4,0,0,0,0,0,0,4,0,0,1,0,3,6,0,4,2,0,0,2,0,1,5,0,4,0,2,10,30,0,1,4,0,1,3,2,0,2,0,1,0,1,1,1,1,0,0,0,0,1,2,0,1,0,2,1,4,3,5,0,0,0,0,0,1,0,5,3,6,1,0,0,0
2018-05-09,2018-05-09,11.34783265,3,2,0,2,0,0,2,0,4,1,2,0,31,0,2,0,0,0,4,11,3,2,0,0,8,0,0,2,2,0,0,0,1,1,1,0,0,0,2,0,0,0,3,2,0,0,2,6,0,3,0,13,0,0,5,5,0,3,1,0,0,1,4,0,2,0,4,1,0,1,0,0,0,0,0,9,7,10,0,0,0,0,0,0,2,0,0,0,1,1,0,1,0,2,8,2,3,0,0,0
2018-05-10,2018-05-10,8.992827535,4,2,1,0,4,2,6,2,1,2,2,0,8,0,5,23,1,0,4,34,1,12,0,0,7,2,0,7,1,0,0,0,0,4,8,1,0,1,1,13,3,0,12,4,0,1,0,6,0,3,4,14,0,0,15,12,4,9,6,2,5,3,7,0,34,3,1,1,2,0,36,29,0,0,3,1,6,13,1,2,0,1,2,1,4,1,2,0,4,0,0,9,0,2,1,50,5,2,0,0
2018-05-11,2018-05-11,5.728114686,3,0,0,0,1,1,1,0,0,1,1,0,11,0,2,2,1,0,0,3,0,0,1,0,0,0,0,1,0,0,0,0,0,0,0,0,0,0,0,0,1,0,1,3,0,0,0,6,0,4,0,6,0,0,3,5,0,1,0,0,2,1,6,0,2,0,0,0,0,0,1,1,5,0,0,0,0,3,0,0,0,2,0,0,1,3,0,0,0,0,0,4,1,1,0,0,2,0,0,0
2018-05-12,,,3,0,0,0,0,0,0,0,5,2,0,0,2,0,0,1,0,0,0,3,0,1,0,0,0,0,0,3,0,0,0,0,1,0,0,0,0,0,0,0,0,0,4,0,0,0,0,0,0,0,0,7,0,0,1,0,0,0,1,0,0,0,2,0,0,0,0,0,0,0,0,0,0,0,0,0,1,0,0,0,0,0,0,0,0,5,0,0,1,0,0,1,1,1,0,0,0,0,0,0
2018-05-13,,,2,0,0,0,0,2,0,0,1,11,0,0,6,0,1,0,0,0,0,3,2,0,0,0,0,0,0,0,0,0,0,0,0,3,0,0,0,0,0,0,0,0,0,1,0,1,0,0,0,1,0,5,0,0,2,3,0,1,0,0,1,1,3,0,3,1,1,0,0,0,1,1,0,0,1,1,0,6,0,0,0,0,0,0,0,0,0,0,3,0,0,2,4,3,10,0,1,0,0,0
2018-05-14,2018-05-14,8.217007963,1,0,0,0,0,1,0,0,2,1,0,0,9,0,2,2,2,0,0,8,0,0,0,0,0,0,0,0,0,0,0,0,0,0,3,0,0,0,0,0,0,0,0,3,0,0,1,0,0,0,1,3,0,0,11,25,0,1,0,0,0,1,3,0,2,0,1,0,0,2,0,0,1,0,0,0,3,3,0,0,0,1,0,0,0,1,0,0,0,0,0,3,1,1,1,2,1,0,0,0
2018-05-15,2018-05-15,11.84478256,6,0,3,1,0,2,0,6,1,7,0,1,11,3,9,0,0,0,0,22,10,3,1,0,2,0,1,2,1,0,0,0,0,0,6,0,0,0,0,0,3,0,0,1,0,1,0,3,0,6,2,8,0,0,6,6,0,3,0,0,2,4,11,0,5,0,1,1,0,3,5,5,0,0,1,1,21,2,0,0,0,0,0,0,2,3,1,0,1,0,0,1,0,2,9,16,1,0,0,0
2018-05-16,2018-05-16,6.860470595,7,0,4,6,4,3,1,2,1,7,1,0,43,0,1,1,2,0,6,5,4,4,6,0,1,0,0,3,0,0,0,1,0,13,1,0,0,2,0,0,4,0,6,1,0,1,0,4,0,2,0,19,0,0,4,11,1,0,2,0,2,4,2,0,4,0,1,1,0,0,1,1,0,0,3,1,1,5,0,1,0,1,0,0,1,3,0,0,1,0,0,6,2,8,2,6,1,1,0,0
2018-05-17,2018-05-17,7.528208898,1,0,0,2,1,2,0,2,1,10,0,0,25,1,4,4,2,0,4,14,4,4,0,0,16,0,0,2,2,0,0,1,1,3,1,0,0,0,1,0,8,0,2,1,0,0,1,5,9,2,0,9,0,0,11,30,0,3,1,0,0,5,8,0,2,2,3,2,1,2,7,6,0,0,1,0,4,12,0,1,1,0,0,2,0,7,0,0,0,0,0,3,2,1,4,15,1,0,0,0
2018-05-18,2018-05-18,8.879615481,2,0,0,1,1,3,0,0,8,2,5,0,31,2,1,2,0,0,1,22,1,1,2,0,5,0,0,2,1,0,0,0,1,2,7,0,0,0,0,0,1,0,8,1,0,1,1,0,1,1,2,7,0,0,16,40,0,0,0,3,0,7,3,0,6,0,4,0,2,1,5,5,1,0,0,0,3,2,0,0,0,1,0,0,3,3,0,0,1,0,0,3,1,0,3,3,0,0,0,0
2018-05-19,,,0,0,0,0,0,0,0,0,0,0,0,0,1,0,0,0,0,0,0,2,0,0,0,1,0,0,0,1,0,0,0,0,2,1,1,0,0,0,0,0,0,0,1,0,0,0,0,0,0,2,0,1,0,0,0,2,0,0,0,0,0,0,0,0,0,0,0,0,0,0,0,0,1,0,0,0,0,0,0,0,0,0,0,1,0,0,0,0,0,0,0,0,0,0,0,0,0,0,0,0
2018-05-20,,,1,0,0,0,0,0,0,1,0,1,0,0,2,0,2,0,1,0,0,8,3,2,0,0,0,0,0,2,1,0,0,0,0,0,2,0,0,0,0,1,0,0,1,1,0,0,1,0,1,4,0,0,0,0,8,10,6,0,1,1,2,1,2,0,1,1,20,1,1,0,2,2,0,0,1,1,0,1,0,0,0,0,1,1,0,1,0,0,0,0,0,0,0,0,0,1,0,0,0,0
2018-05-21,2018-05-21,6.885145131,0,0,4,0,1,0,0,0,0,7,0,0,23,0,5,1,0,0,2,1,2,3,0,6,1,1,0,7,0,0,0,0,2,0,0,0,0,1,1,0,1,0,3,2,0,0,0,1,1,2,1,13,0,0,1,8,1,0,0,2,1,0,5,0,0,3,18,0,0,0,0,0,0,0,0,0,0,7,0,0,0,0,0,1,0,0,0,0,0,0,0,0,1,1,4,1,0,0,0,0
2018-05-22,2018-05-22,10.30089003,2,0,0,0,0,0,0,0,0,1,0,0,21,0,2,6,0,0,0,13,1,0,0,0,2,0,0,0,1,0,0,0,1,1,3,0,0,0,0,0,2,0,5,1,0,0,0,2,0,2,3,3,0,0,6,30,0,5,0,0,0,0,2,1,2,1,2,1,0,1,0,0,0,0,0,0,10,9,0,0,0,0,0,0,1,0,0,0,1,0,0,9,0,1,5,8,4,0,0,0
2018-05-23,2018-05-23,12.1510583,13,1,0,0,6,4,11,1,4,5,1,0,32,7,7,0,1,0,9,52,12,2,3,0,8,0,0,6,3,0,3,0,0,1,4,0,0,0,2,0,2,0,3,5,0,1,1,1,0,0,3,11,0,0,11,14,0,3,0,3,3,1,10,0,7,1,2,9,0,0,0,0,0,0,1,2,6,12,0,0,0,1,0,0,2,7,0,0,6,0,0,8,0,15,1,6,2,3,0,0
2018-05-24,2018-05-24,9.902233356,8,0,0,4,1,2,4,4,6,8,2,0,20,5,5,18,2,0,0,28,6,2,1,1,4,0,0,5,1,0,0,0,0,0,1,0,0,0,0,0,3,0,3,2,0,0,0,1,2,5,2,10,0,1,9,15,0,10,3,2,2,6,5,0,6,3,4,0,0,0,1,1,0,0,3,0,3,2,0,0,0,1,0,1,0,3,0,1,2,0,0,5,0,0,9,21,5,0,0,0
2018-05-25,2018-05-25,8.977695542,9,0,0,0,3,0,1,3,4,4,0,0,12,0,4,2,0,0,1,17,11,3,2,0,1,0,3,2,1,0,1,0,0,7,2,0,0,0,0,0,0,0,3,4,0,5,0,2,1,3,1,4,0,0,14,15,0,2,1,6,2,9,18,1,4,3,4,2,0,0,0,0,0,0,2,4,7,6,0,0,1,2,0,1,1,7,0,4,7,0,0,6,0,0,6,4,3,0,0,0
2018-05-26,,,0,0,0,0,0,0,0,0,2,0,0,0,0,0,1,2,0,0,0,1,2,0,0,0,0,0,0,0,0,0,0,0,0,2,0,0,0,0,0,0,0,0,0,0,0,0,0,0,0,0,0,5,0,0,2,2,0,0,1,0,1,0,1,0,0,0,0,0,0,0,0,0,0,0,0,0,0,2,0,0,0,0,0,0,0,4,0,0,1,0,0,2,0,0,0,1,0,0,0,0
2018-05-27,,,0,10,0,0,0,0,0,1,2,3,0,0,11,0,4,0,0,0,1,13,0,0,0,0,1,0,0,0,0,0,0,0,0,1,2,0,0,1,0,0,0,0,0,2,0,1,0,1,0,2,0,7,0,0,7,18,2,0,1,4,0,0,3,0,1,0,5,0,0,0,4,4,0,1,0,0,9,9,0,0,0,0,0,0,0,4,0,0,1,0,0,6,2,3,9,4,0,0,0,0
2018-05-28,,,5,0,0,0,0,2,0,0,1,1,0,0,11,0,2,1,0,0,0,7,0,0,0,3,3,0,0,1,0,0,0,0,4,0,1,0,0,0,0,0,0,0,1,1,0,0,3,1,0,1,0,3,0,0,2,6,0,0,1,0,1,6,4,0,0,2,2,0,0,0,1,1,0,0,0,0,3,4,0,0,0,1,0,0,3,0,0,0,0,1,0,1,0,0,1,0,0,0,0,0
2018-05-29,2018-05-29,10.86333043,5,1,3,3,11,1,1,0,2,3,4,14,26,1,3,0,1,0,1,10,2,8,1,0,3,0,0,9,0,0,0,0,0,4,0,0,0,0,0,2,2,0,2,2,0,0,0,0,0,4,3,12,0,16,8,2,6,0,2,0,0,0,1,0,1,1,4,3,0,2,1,1,0,0,1,1,0,4,0,2,1,0,6,1,2,4,0,0,1,0,0,0,0,0,1,12,0,0,0,0
2018-05-30,2018-05-30,8.7254052,8,0,3,0,0,0,0,0,0,1,0,0,4,0,3,1,1,0,2,14,1,1,0,0,1,0,0,2,0,0,0,0,0,0,0,0,0,0,0,0,2,0,0,1,0,0,0,2,0,1,7,12,0,0,6,3,35,3,0,0,2,0,3,0,3,0,6,0,0,0,0,0,0,0,0,0,0,1,0,0,0,0,0,0,0,1,0,0,3,0,0,4,0,1,3,7,3,0,0,0
2018-05-31,2018-05-31,20.0305561,12,0,1,0,6,1,1,3,7,5,0,0,24,1,5,0,1,0,1,15,5,3,1,0,7,0,3,1,0,0,0,1,0,0,0,0,0,0,0,0,0,0,2,1,0,1,1,7,0,3,0,23,1,0,8,16,0,3,2,0,5,2,9,0,5,4,5,3,0,0,0,0,0,0,0,1,10,5,0,0,0,1,0,0,4,6,0,0,3,0,0,5,1,1,2,2,3,0,0,0
2018-06-01,2018-06-01,9.325027088,2,1,0,2,0,0,1,2,1,3,3,1,12,3,3,1,1,0,0,10,0,0,0,0,0,0,0,2,0,0,0,0,0,0,5,0,0,1,0,0,0,0,4,0,0,0,0,0,0,5,1,13,0,16,5,24,0,1,2,1,1,0,1,0,0,1,3,0,0,2,0,0,0,0,0,1,1,1,0,0,0,0,0,2,6,3,1,0,0,1,0,3,1,2,0,0,1,0,0,0
2018-06-02,,,0,0,0,0,0,0,0,0,0,0,0,0,0,0,0,0,0,0,0,0,0,0,0,0,0,0,0,0,0,0,0,0,0,0,0,0,0,0,0,0,0,0,0,0,0,0,0,0,0,1,0,2,0,0,0,3,0,0,0,0,0,2,1,0,0,0,1,0,0,0,0,0,0,0,0,0,0,1,0,0,0,0,0,0,0,0,0,0,0,0,0,1,0,0,1,0,0,0,0,0
2018-06-03,,,0,0,0,0,0,0,0,0,0,1,0,0,5,0,2,0,0,0,0,2,0,0,0,0,0,0,0,2,0,0,0,0,0,0,0,0,0,0,0,0,1,0,1,0,0,0,0,1,0,3,0,2,0,0,0,0,0,0,0,0,0,0,0,0,0,0,0,0,0,0,0,0,0,0,0,0,0,0,0,0,0,0,0,0,0,0,0,0,0,0,0,0,0,0,0,0,0,0,0,0
2018-06-04,2018-06-04,10.25001182,5,0,0,1,0,0,0,0,2,0,2,0,16,0,11,0,0,0,3,1,2,2,1,4,7,0,0,5,0,0,0,0,0,4,0,1,0,0,0,0,0,0,3,2,0,0,0,1,0,0,0,2,0,0,13,6,0,2,0,0,1,4,5,0,0,0,9,1,0,0,0,0,0,1,0,0,4,10,0,0,0,0,0,1,0,1,0,0,2,1,0,3,0,0,2,1,2,1,0,0
2018-06-05,2018-06-05,13.89478598,6,1,1,2,3,5,0,0,8,5,0,0,17,0,1,5,0,0,1,26,0,2,2,0,3,0,0,11,0,0,0,0,1,0,2,0,0,0,0,0,2,0,2,0,0,0,0,5,0,1,1,5,0,0,4,8,0,3,1,3,1,1,4,0,6,0,0,2,1,2,0,0,0,0,0,0,4,0,0,0,0,0,3,0,2,1,0,1,1,1,1,3,0,1,5,2,3,0,13,0
2018-06-06,2018-06-06,11.17435892,11,1,0,3,5,1,0,0,4,9,2,5,37,2,6,3,0,0,2,35,1,1,1,0,10,0,0,7,1,0,0,0,0,2,6,0,0,0,0,0,8,0,3,2,0,1,0,9,0,13,5,16,0,1,6,28,1,5,3,1,0,9,11,0,14,1,4,2,1,0,0,0,2,0,0,2,4,5,1,2,0,0,0,0,3,1,0,0,1,0,1,6,1,1,7,22,3,0,0,0
2018-06-07,2018-06-07,10.29138315,7,0,13,1,0,0,0,0,4,5,0,0,3,1,4,0,2,0,1,19,4,5,2,0,2,0,0,4,0,0,1,0,0,0,0,1,0,1,0,0,0,0,5,1,0,0,0,3,0,5,0,2,0,0,4,15,1,1,2,0,1,10,1,1,5,0,1,0,0,1,7,7,0,0,1,1,2,9,0,1,1,2,0,1,3,2,0,0,5,0,0,5,1,1,1,5,1,0,0,0
2018-06-08,2018-06-08,8.113363807,2,1,2,1,1,0,0,0,2,0,3,0,8,0,1,0,0,0,0,10,2,0,1,2,0,0,0,4,0,0,0,0,1,0,2,0,0,0,0,0,0,0,5,2,0,0,1,3,1,1,2,2,0,0,3,0,0,1,3,1,0,4,4,0,4,3,1,0,0,0,0,0,0,0,2,0,4,3,0,0,0,0,0,0,6,0,0,1,1,0,0,1,0,0,1,3,0,0,0,0
2018-06-09,,,0,0,0,0,0,0,0,0,0,1,0,0,3,0,0,1,0,0,0,4,0,0,0,0,0,0,0,0,0,0,0,0,0,0,0,0,0,0,0,0,0,0,0,0,0,0,0,0,0,2,0,0,0,0,0,0,0,0,0,0,0,0,2,0,1,0,0,0,0,0,0,0,0,0,1,0,1,2,0,0,1,0,0,0,0,0,0,0,0,0,0,0,0,0,0,1,1,0,0,0
2018-06-10,,,1,0,0,0,0,2,0,0,0,2,0,0,11,0,2,0,0,0,0,0,0,0,0,2,0,0,0,1,0,0,0,0,0,0,1,0,0,0,0,0,0,0,0,2,0,0,0,0,0,5,0,5,0,0,9,30,1,0,0,0,1,3,2,0,0,0,0,0,0,0,0,0,0,0,0,0,0,2,0,1,0,0,0,0,1,1,0,0,0,0,0,6,1,0,1,0,0,0,0,0
2018-06-11,2018-06-11,6.745384017,3,2,0,1,0,2,1,0,1,11,0,0,46,1,0,2,0,0,0,17,1,0,0,4,3,0,0,9,0,0,0,0,0,3,0,0,0,0,0,0,0,0,2,1,0,0,0,2,0,4,0,12,0,0,4,15,0,2,4,0,0,7,2,0,3,1,0,0,0,1,1,0,0,0,0,2,2,7,0,0,0,0,0,0,2,2,0,0,1,0,0,3,0,3,7,3,1,0,0,0
2018-06-12,2018-06-12,9.519863597,0,4,7,4,0,4,1,1,7,9,0,2,40,3,0,25,0,0,3,13,5,8,1,0,2,0,0,10,1,0,0,0,0,4,2,0,0,0,0,0,3,0,3,2,0,0,0,3,0,0,0,16,1,0,9,56,0,3,2,1,1,7,3,0,5,0,10,0,0,1,1,1,0,0,1,0,3,6,0,1,0,3,0,0,2,5,0,0,7,0,0,3,0,1,2,14,5,0,0,0
2018-06-13,2018-06-13,12.71580445,11,0,3,0,2,7,4,3,1,4,1,0,45,17,7,4,1,0,0,16,0,0,1,0,13,0,2,0,0,0,1,0,0,2,0,0,0,0,1,7,0,0,6,4,0,1,0,3,3,3,1,14,0,0,2,3,0,2,0,1,0,4,8,2,3,0,6,1,0,0,4,3,0,0,3,2,11,8,0,1,0,0,3,1,5,1,0,0,1,0,0,9,2,2,1,6,2,0,0,2
2018-06-14,2018-06-14,9.850612961,8,0,1,0,2,2,1,3,1,3,0,0,25,2,10,3,1,0,1,26,4,2,3,0,5,1,5,4,0,0,0,0,0,4,2,0,0,0,0,0,0,0,4,0,0,2,3,2,0,5,1,14,0,0,17,15,0,2,0,1,1,4,18,1,2,1,1,3,0,1,0,0,0,0,0,2,7,18,0,1,1,1,0,4,3,4,0,0,4,0,0,7,1,2,2,7,3,1,0,0
2018-06-15,2018-06-15,23.80649792,3,0,0,0,0,2,0,1,1,4,1,0,19,0,1,0,5,0,4,24,0,3,0,0,8,0,0,1,2,0,0,0,0,0,0,0,0,2,0,0,1,0,3,2,0,4,2,2,0,0,0,11,0,0,1,13,0,2,0,1,2,10,3,0,0,1,1,0,1,2,1,1,0,0,1,0,0,13,0,0,0,0,0,0,1,1,0,0,0,0,0,8,1,3,2,10,3,0,0,0
2018-06-16,,,0,0,0,0,0,0,0,0,5,4,0,0,0,0,0,0,0,0,0,1,0,0,0,0,0,0,0,0,0,0,0,0,0,0,0,0,0,0,0,0,0,0,2,1,0,0,0,0,0,0,0,1,0,0,0,1,0,1,0,0,0,0,0,0,1,1,0,0,0,0,0,0,0,0,0,0,0,0,0,0,0,0,0,0,0,0,0,0,0,0,0,0,0,0,0,2,1,0,0,0
2018-06-17,,,0,0,0,0,0,1,0,0,0,0,1,0,1,0,1,0,0,0,0,3,0,2,0,1,2,0,0,4,0,0,0,0,0,0,1,0,0,0,0,5,1,0,0,0,0,0,0,0,0,0,0,1,0,0,1,7,1,0,1,0,0,9,2,0,2,1,0,0,0,1,2,2,0,0,0,0,0,1,0,1,0,0,4,0,1,0,0,0,0,0,0,0,0,0,0,11,0,0,0,0
2018-06-18,2018-06-18,8.828087299,6,0,2,0,0,1,4,0,4,3,0,0,12,5,5,0,1,0,6,29,9,7,0,1,4,0,0,8,0,0,0,1,0,0,1,0,0,0,0,2,5,0,2,0,0,1,0,0,0,4,2,9,0,0,15,7,1,1,0,0,6,2,6,0,0,1,6,2,0,2,0,0,0,0,1,0,19,9,0,0,0,0,10,2,0,3,0,0,4,0,0,4,2,5,0,24,1,0,0,0
2018-06-19,2018-06-19,12.1994484,3,0,1,0,2,1,1,1,3,2,5,1,39,4,2,1,2,0,5,17,0,3,0,1,3,1,0,1,3,0,0,1,5,1,1,1,0,0,1,0,0,0,9,0,0,0,3,2,0,1,1,15,0,1,8,9,2,5,2,1,1,5,1,0,5,1,2,1,3,0,1,1,1,0,0,0,5,11,1,0,2,2,0,0,3,2,0,0,0,0,0,5,0,1,4,4,2,0,1,0
2018-06-20,2018-06-20,11.45698237,5,0,0,0,0,1,3,0,3,1,1,0,11,1,3,1,0,0,6,11,2,2,0,2,9,0,0,2,0,0,0,0,0,12,1,0,0,0,0,0,1,0,2,4,0,0,0,2,1,3,3,8,0,0,10,23,2,1,2,0,0,3,6,0,2,5,2,0,0,0,0,0,0,0,2,0,2,5,0,1,1,0,0,1,0,3,0,0,1,1,0,5,1,3,0,5,1,0,0,0
2018-06-21,2018-06-21,10.9982995,5,0,3,1,0,2,5,0,4,1,2,0,9,2,2,0,1,0,3,17,0,5,0,2,9,0,0,13,0,0,0,0,0,9,1,0,0,0,3,0,2,0,4,3,0,0,0,3,1,3,0,20,3,0,24,16,23,0,2,0,4,5,6,0,5,1,4,1,0,0,3,2,0,1,1,0,2,7,0,2,0,0,0,1,1,4,0,0,2,1,0,4,0,6,2,9,0,0,0,0
2018-06-22,2018-06-22,19.75464391,5,0,1,1,0,5,2,0,1,0,0,3,7,0,3,9,0,0,0,15,0,2,1,0,3,0,0,1,0,0,2,0,0,0,0,0,0,0,0,0,4,0,5,0,0,0,0,1,0,1,0,8,0,0,2,2,1,1,0,0,1,0,4,0,0,0,0,0,0,0,0,0,0,0,1,0,6,2,0,0,0,0,0,1,6,2,1,0,3,0,0,3,0,0,1,4,6,0,0,0
2018-06-23,,,0,0,0,0,0,0,0,0,0,0,0,0,2,0,0,0,0,0,0,0,0,0,0,1,2,0,0,0,0,0,0,0,0,1,0,0,0,0,0,0,0,0,2,0,0,0,0,0,0,0,0,1,0,0,1,1,0,1,0,0,1,0,2,0,0,0,1,0,0,0,0,0,0,0,0,0,0,0,0,0,0,1,0,0,4,0,0,0,0,0,0,0,0,1,0,0,0,0,0,0
2018-06-24,,,0,0,0,0,0,0,0,0,0,1,0,0,3,0,0,0,0,0,0,0,0,0,0,0,0,0,0,1,0,0,0,0,0,0,1,0,0,0,0,0,0,0,0,0,0,0,0,1,0,0,0,2,0,0,1,4,0,0,0,0,0,2,0,0,0,0,0,0,0,0,0,0,0,0,0,0,0,0,0,0,0,0,0,0,0,0,0,0,0,0,0,1,0,0,2,0,0,0,0,0
2018-06-25,2018-06-25,16.03681965,1,0,0,0,1,0,1,0,0,1,1,0,37,2,4,0,2,0,5,23,4,0,0,0,6,0,0,2,0,0,1,0,0,3,2,1,0,0,0,0,0,0,0,2,0,0,0,2,0,4,0,14,2,1,1,2,0,2,2,0,0,15,2,0,7,7,1,0,0,0,0,0,0,0,4,0,0,6,0,0,1,0,0,0,6,6,0,0,5,3,0,12,1,1,2,12,3,0,0,0
2018-06-26,2018-06-26,11.39977155,10,0,1,2,0,1,0,0,0,6,3,0,74,0,2,43,1,0,2,8,4,2,1,0,0,0,0,4,0,0,0,0,0,0,0,0,0,1,0,0,3,0,0,0,0,1,0,3,0,3,1,4,0,0,2,9,0,0,1,0,0,2,4,2,1,1,2,1,0,2,0,0,0,0,0,0,2,1,0,3,0,0,0,0,0,4,0,0,1,0,0,7,2,0,0,2,0,0,0,0
2018-06-27,2018-06-27,10.3770351,3,0,0,0,0,0,0,0,0,2,0,0,10,0,3,0,0,0,1,0,0,0,0,1,1,0,0,1,0,0,0,0,0,4,4,0,0,0,0,0,1,0,1,0,0,0,2,0,0,1,0,3,0,0,3,6,0,2,0,0,2,9,3,0,0,0,7,1,0,0,6,6,0,1,0,0,0,2,0,0,0,0,0,0,0,0,0,0,1,0,0,0,0,3,0,0,2,0,0,0
2018-06-28,2018-06-28,10.33798652,15,1,11,0,0,2,3,0,0,6,0,0,33,7,0,2,1,0,1,11,9,3,1,1,2,0,0,6,0,0,0,0,0,2,3,1,0,0,0,0,7,0,4,1,0,0,0,5,0,1,2,6,0,0,0,6,2,2,3,1,1,0,5,1,1,1,0,3,0,0,4,4,0,0,1,2,0,2,0,0,0,0,0,0,2,4,0,0,2,0,0,3,2,2,4,2,3,0,0,0
2018-06-29,2018-06-29,11.92821463,3,0,0,0,0,0,0,0,4,10,0,0,16,0,1,1,0,0,2,13,3,4,1,1,2,0,0,1,1,0,0,0,1,1,0,0,0,0,1,0,2,0,5,2,0,2,0,10,0,0,0,10,1,0,7,4,0,3,0,0,1,4,3,0,2,2,0,3,0,0,1,1,0,0,0,1,5,10,0,0,0,1,0,0,4,2,4,0,1,0,0,7,1,1,1,0,2,0,0,0
2018-07-01,,,0,0,0,0,0,0,0,0,1,0,1,0,9,0,0,0,0,0,0,2,0,1,0,0,0,0,0,1,0,0,0,0,0,0,1,0,0,0,0,0,0,0,1,2,0,0,0,0,0,0,0,7,0,0,0,3,0,1,0,1,2,2,0,0,0,1,1,0,0,0,0,0,0,0,0,0,1,1,0,0,1,0,0,0,1,6,0,0,1,0,0,4,0,0,1,1,1,0,0,0
2018-07-02,2018-07-02,14.53300164,12,0,16,1,3,3,8,0,0,2,6,6,19,8,6,0,0,0,10,21,1,0,6,1,6,0,0,2,8,0,0,2,0,0,5,0,0,4,0,0,1,0,8,1,0,0,0,3,2,0,3,27,0,20,5,12,0,1,2,0,6,5,15,1,5,0,2,1,0,0,0,0,0,0,1,0,6,8,1,3,0,0,0,0,4,1,0,0,4,1,0,9,1,3,2,7,2,0,0,0
2018-07-03,2018-07-03,1.519203496,2,0,0,0,0,0,0,0,1,1,0,0,31,1,3,0,6,0,0,20,7,8,0,0,8,0,0,5,0,0,0,0,0,0,3,0,0,0,0,0,0,0,1,4,0,1,0,3,0,3,1,8,0,0,2,14,0,4,0,0,2,3,4,0,0,0,3,2,0,2,1,1,0,0,1,0,2,6,0,1,0,0,0,0,1,4,0,0,0,0,0,10,1,0,3,1,4,0,0,0
2018-07-04,,,0,0,0,0,0,0,0,0,0,3,0,0,6,0,0,0,0,0,0,0,0,0,0,4,0,0,0,2,0,0,0,0,6,1,0,3,0,0,0,0,0,0,0,0,0,0,3,0,1,2,0,3,0,0,3,0,0,1,1,2,0,0,0,0,0,0,1,0,0,0,0,0,0,2,1,0,0,4,0,0,0,0,0,0,0,1,0,0,0,0,0,3,0,0,1,0,0,0,0,0
2018-07-05,2018-07-05,10.73940521,3,1,0,0,0,1,0,1,1,1,4,0,18,0,2,2,1,0,1,11,1,2,0,4,3,0,0,4,1,0,1,0,0,1,4,0,0,1,0,0,0,0,0,3,0,0,0,2,0,3,0,16,0,0,0,22,0,3,1,0,1,2,2,0,7,0,1,1,2,1,18,12,0,0,0,0,0,4,3,1,0,1,0,2,1,2,0,0,0,0,0,9,3,4,1,6,2,0,9,0
2018-07-06,2018-07-06,10.50380807,2,0,1,1,1,4,0,0,14,3,4,0,33,0,5,0,0,0,1,7,1,1,3,0,1,0,0,14,0,0,0,0,1,1,5,0,0,2,0,0,9,0,3,2,0,2,1,8,1,2,1,11,0,0,1,14,1,6,0,2,0,11,3,0,2,4,0,0,9,0,9,5,0,1,0,1,3,3,4,1,0,0,1,0,4,2,0,0,2,0,0,3,0,3,3,10,7,0,0,0
2018-07-07,,,0,0,0,0,0,0,0,0,0,0,0,0,5,0,1,0,0,0,0,13,1,1,0,0,4,0,0,0,0,0,0,0,0,0,0,0,0,0,0,0,0,0,0,1,0,0,0,0,0,0,0,2,0,0,3,3,0,1,0,0,0,0,0,0,0,0,0,0,0,0,0,0,0,0,2,0,0,2,0,0,0,0,0,0,0,0,0,0,0,0,0,4,0,1,0,0,2,0,0,0
2018-07-08,,,1,1,0,0,0,0,5,0,0,0,1,1,6,0,0,0,0,0,0,1,2,4,1,1,0,0,0,0,0,0,0,1,0,0,1,0,0,0,0,0,0,0,0,0,0,0,0,0,1,1,0,0,2,1,1,1,0,0,0,0,0,0,0,0,0,0,0,0,1,2,0,0,0,0,0,0,0,2,0,1,1,0,0,0,0,1,0,0,0,0,0,0,0,3,0,0,0,0,0,0
2018-07-09,2018-07-09,13.2517313,5,4,44,2,2,0,0,2,15,6,0,0,54,0,4,2,0,0,2,12,2,2,2,0,4,2,0,5,0,0,0,0,1,0,0,0,0,0,0,2,1,0,5,2,0,2,0,4,1,4,0,33,0,0,1,3,0,0,7,1,7,2,2,0,0,4,0,2,0,0,0,0,0,0,0,0,2,8,0,4,1,2,0,0,5,2,0,0,0,0,0,10,1,2,8,14,1,0,0,0
2018-07-10,2018-07-10,12.84068349,5,0,2,3,5,5,3,1,2,9,0,0,47,7,4,8,0,0,0,14,7,2,2,4,2,1,1,7,2,0,0,1,0,3,3,1,0,3,0,3,0,0,1,0,0,0,2,4,3,3,1,22,0,0,1,24,7,0,2,1,2,3,4,0,2,1,1,1,12,1,0,0,0,0,3,0,1,9,7,1,0,1,3,2,2,6,0,0,4,3,0,13,0,4,1,21,2,0,0,0
2018-07-11,2018-07-11,13.18573316,4,0,0,0,0,0,0,0,1,5,0,0,7,0,1,0,0,0,0,10,0,2,0,1,1,0,0,1,0,0,0,0,2,0,4,1,0,0,0,1,0,0,1,0,0,0,4,1,0,3,1,3,0,0,4,25,1,3,3,1,1,18,2,0,2,0,0,0,2,1,0,0,0,1,1,0,0,1,1,1,0,0,0,0,1,1,0,0,0,0,0,8,1,1,0,3,3,0,0,0
2018-07-12,2018-07-12,11.95684737,6,0,0,0,3,1,1,0,2,5,2,0,28,4,3,0,6,0,0,24,4,3,0,1,3,0,0,6,0,0,0,0,0,0,0,0,0,2,0,0,0,0,3,1,0,0,0,3,1,6,0,15,0,0,0,1,0,4,2,0,0,0,5,0,14,1,3,2,0,0,1,1,3,0,1,0,0,5,0,0,3,1,0,1,0,15,0,0,1,1,0,11,0,1,4,3,2,0,0,0
2018-07-13,2018-07-13,11.37387909,7,0,0,1,1,0,1,0,5,6,2,0,19,1,5,1,1,0,0,28,1,7,0,0,1,0,0,1,0,0,0,0,0,0,0,0,0,0,1,0,0,0,5,2,0,0,0,1,0,1,0,8,0,0,3,4,0,1,1,0,1,4,0,2,3,1,1,1,0,0,0,0,0,0,2,2,3,8,0,1,1,0,0,1,4,7,0,0,0,0,0,5,0,2,1,0,1,0,0,0
2018-07-14,,,1,0,0,7,7,4,1,1,1,0,2,0,6,3,0,0,1,0,2,8,0,3,5,0,1,0,0,2,0,0,0,1,1,0,0,0,0,0,0,0,2,0,4,2,0,0,0,2,2,0,2,8,0,0,0,2,0,2,0,0,1,2,0,1,1,0,1,1,0,1,0,0,0,0,0,0,2,3,0,1,1,0,0,0,2,1,0,0,0,2,0,4,0,1,0,0,0,0,0,0
2018-07-15,,,1,0,1,0,0,1,0,0,0,3,1,0,32,0,0,5,0,0,0,1,0,0,0,0,0,0,0,1,0,0,1,0,0,1,0,0,0,0,0,0,0,0,2,0,0,0,0,3,0,0,0,6,0,0,2,5,0,0,0,0,0,0,1,0,0,0,0,0,0,0,1,1,0,0,0,7,0,1,0,0,0,0,0,0,0,0,0,0,0,0,0,3,1,1,1,3,0,0,0,0
2018-07-16,2018-07-16,9.757672754,10,5,26,4,8,12,10,4,0,7,2,0,25,3,5,0,0,0,6,33,3,7,9,1,12,1,12,3,6,0,1,5,0,1,0,0,0,4,1,1,2,0,3,5,0,1,0,1,5,14,4,20,0,0,5,65,0,0,1,3,2,5,3,1,7,0,10,9,0,3,8,6,1,0,2,0,4,9,0,2,3,4,0,2,4,2,0,0,0,0,2,11,1,2,5,1,0,0,0,0
2018-07-17,2018-07-17,13.70103407,1,0,6,0,0,0,0,1,9,16,0,0,25,0,1,0,0,0,3,17,3,1,0,0,1,0,0,1,2,0,1,0,0,0,0,0,0,0,0,0,4,0,1,2,0,1,0,2,0,1,0,11,0,0,13,14,12,0,0,0,0,0,3,0,1,1,7,0,0,0,0,0,0,0,1,0,0,3,0,0,0,0,0,0,1,4,0,0,0,0,0,7,5,3,2,2,0,0,0,0
2018-07-18,2018-07-18,11.83438097,6,0,1,1,1,5,1,2,5,1,2,0,16,1,1,0,0,0,6,15,4,4,1,1,2,0,9,3,0,0,1,1,0,1,1,0,0,0,0,0,4,0,7,4,0,1,0,3,4,2,0,17,0,2,8,10,0,4,0,1,0,5,3,1,1,5,3,2,1,3,1,1,0,0,0,0,2,6,0,0,2,0,0,3,0,4,0,0,3,0,0,6,2,5,0,1,0,1,0,0
2018-07-19,2018-07-19,15.47737449,2,0,1,0,1,1,0,0,3,1,0,0,19,0,5,1,0,0,2,10,2,0,0,0,2,0,0,1,0,0,0,0,0,12,6,0,0,0,0,0,0,0,2,0,0,0,0,0,0,1,0,2,0,0,6,10,1,1,1,0,0,0,2,0,2,4,0,0,0,0,1,0,0,0,0,0,2,4,0,0,0,0,0,2,3,3,0,0,0,0,0,6,0,0,0,3,1,0,0,0
2018-07-20,2018-07-20,12.58498236,2,0,3,3,2,2,2,1,0,2,1,0,2,5,10,1,1,0,1,17,2,1,1,2,10,1,0,5,1,0,1,0,0,0,1,0,0,1,0,2,8,0,4,0,0,0,0,5,0,0,0,5,0,2,14,9,1,2,0,0,0,6,5,0,3,4,0,0,0,1,1,1,0,0,2,1,2,8,0,0,0,3,0,0,2,0,0,0,1,2,0,4,1,1,1,26,1,0,0,0
2018-07-21,,,2,0,1,0,0,0,0,0,0,2,2,0,1,0,0,0,0,0,0,10,0,2,0,0,0,1,0,1,0,0,0,0,0,0,0,0,0,0,0,0,11,0,0,0,0,0,0,0,0,0,0,1,0,0,1,0,0,0,0,0,0,0,1,0,0,0,0,0,0,0,0,0,0,0,1,0,2,0,0,1,0,2,0,0,0,0,0,0,0,0,0,0,0,0,0,1,0,0,0,0
2018-07-22,,,0,0,0,0,0,0,0,0,0,0,0,0,1,0,0,0,0,0,0,0,1,0,0,0,0,0,0,2,0,0,0,0,0,0,0,0,0,0,0,0,0,0,0,0,0,0,0,0,0,1,1,3,0,0,0,0,0,0,0,0,1,1,0,0,0,0,2,0,0,0,0,0,0,0,0,0,0,0,0,0,0,0,0,0,0,0,0,0,0,0,0,1,0,0,0,0,0,0,0,0
2018-07-23,2018-07-23,8.673617523,11,0,8,1,0,10,2,0,10,5,2,1,48,1,6,3,1,0,1,9,4,0,0,0,5,1,0,1,0,0,1,0,0,0,0,0,0,0,6,1,2,0,3,6,0,1,0,11,0,1,1,19,6,1,8,5,1,5,2,0,1,19,5,3,2,5,0,0,0,0,3,2,0,0,0,1,1,12,0,1,0,2,1,0,0,5,0,0,0,0,0,7,1,0,14,4,2,0,0,0
2018-07-24,2018-07-24,16.93716268,3,0,0,1,2,6,0,0,4,0,0,0,8,2,0,0,0,0,5,11,4,2,1,0,1,0,0,4,0,0,0,0,1,0,0,0,0,0,0,0,0,0,1,0,0,0,0,1,0,2,2,1,0,0,3,1,1,0,1,0,0,0,3,0,3,0,2,0,0,2,0,0,0,0,0,0,2,2,0,0,0,1,0,0,0,0,0,0,0,0,0,1,1,0,1,1,0,0,0,0
2018-07-25,2018-07-25,14.63347318,8,0,3,0,0,0,0,0,1,18,0,0,28,0,1,0,3,0,3,64,8,0,0,5,1,0,0,13,0,0,0,0,3,5,2,0,0,1,0,0,11,0,0,2,0,0,2,0,0,1,1,18,0,0,5,21,146,0,1,3,0,7,5,2,7,2,1,6,2,0,0,0,0,1,11,0,1,1,0,0,0,5,0,1,0,4,0,0,1,0,0,0,0,2,5,6,0,0,0,0
2018-07-26,2018-07-26,18.27352275,3,0,0,0,0,0,2,0,6,14,0,0,27,0,3,0,0,0,2,18,5,3,0,12,2,0,0,4,0,0,0,0,1,3,1,2,0,0,2,0,0,0,4,0,0,0,0,4,0,4,0,13,0,0,2,6,0,7,1,4,1,2,6,0,6,1,3,3,0,2,1,0,0,0,1,0,1,5,0,0,0,1,0,0,4,3,0,0,2,1,0,8,1,2,6,6,4,3,0,0
2018-07-27,2018-07-27,12.06137359,0,0,0,0,0,0,0,0,1,5,0,0,19,0,1,8,0,0,1,3,1,0,0,0,4,0,0,0,0,0,0,0,0,0,0,0,0,0,0,0,0,0,1,0,0,0,1,1,0,7,0,10,0,0,8,4,0,1,6,6,0,1,3,0,1,2,1,0,0,1,0,0,0,1,0,1,0,9,0,0,0,0,0,1,2,1,0,2,1,0,0,2,0,2,4,2,3,0,0,0
2018-07-29,,,4,0,0,0,0,1,0,0,0,0,0,0,12,0,1,0,0,0,0,0,0,0,0,0,0,0,0,2,0,0,0,0,1,0,0,0,0,0,0,0,0,0,0,0,0,0,0,2,0,0,0,6,0,0,0,0,0,0,1,0,0,0,0,0,0,0,2,0,0,0,0,0,0,0,0,0,0,0,0,0,0,0,0,0,0,0,0,0,0,0,0,4,0,1,0,0,0,0,0,0
2018-07-30,2018-07-30,12.59312757,12,49,6,18,6,2,2,3,16,10,0,0,25,0,12,0,18,0,17,5,6,9,8,0,8,0,0,11,2,0,0,8,0,0,3,0,0,0,0,0,0,0,3,0,0,2,0,2,1,1,0,11,0,0,3,6,0,0,0,1,0,1,3,0,4,3,9,0,0,1,1,0,0,0,0,0,0,1,0,0,4,2,0,0,3,0,0,0,3,0,0,8,2,5,6,0,0,0,0,0
2018-07-31,2018-07-31,16.75936188,5,0,0,0,1,1,0,1,4,1,0,0,19,0,2,1,0,0,0,2,0,0,0,0,1,0,0,2,0,0,0,0,0,0,2,0,0,0,0,0,0,0,1,2,0,0,0,0,0,0,1,14,0,0,2,9,0,1,0,0,1,4,1,0,0,1,0,0,0,0,0,0,0,0,0,0,0,0,0,0,0,0,0,0,1,2,0,0,1,0,0,3,2,1,2,4,0,0,0,0
2018-08-01,2018-08-01,11.52701042,0,0,0,0,0,0,0,0,3,0,1,0,13,0,1,1,0,0,1,7,1,2,0,0,2,0,0,3,0,0,0,0,0,0,0,0,0,0,0,0,0,0,0,0,0,1,0,1,0,3,0,4,0,0,10,5,0,1,0,3,1,1,0,0,5,1,7,2,0,0,0,0,0,0,0,0,0,5,0,0,0,0,0,3,1,2,0,0,1,0,0,3,0,1,0,1,1,0,0,0
2018-08-02,2018-08-02,11.98534268,1,1,0,1,0,0,0,0,3,5,0,0,18,0,3,0,0,0,2,9,2,5,0,0,2,0,0,2,0,0,0,0,0,1,0,0,0,1,0,0,4,0,2,1,0,0,0,2,0,7,3,4,0,0,13,35,8,0,1,0,0,3,5,0,1,4,0,0,0,0,1,0,0,0,0,0,2,2,0,0,2,2,2,0,3,1,0,0,0,0,0,7,0,5,6,6,0,0,0,0
2018-08-03,2018-08-03,6.751457122,3,0,0,0,0,0,0,0,0,6,0,0,22,0,1,0,0,0,0,3,0,1,0,6,3,0,0,2,0,0,2,0,8,4,2,0,0,0,0,0,1,0,2,0,0,4,4,7,0,3,0,5,0,0,5,14,0,0,5,7,0,2,2,0,0,0,0,0,2,0,0,0,0,1,1,0,0,2,0,0,0,0,0,1,2,1,0,0,3,0,0,17,0,1,1,0,0,0,0,0
2018-08-04,,,0,0,0,0,0,1,0,0,0,0,0,0,0,0,1,0,0,0,0,5,0,0,0,0,0,0,0,0,0,0,0,0,0,0,0,0,0,0,0,0,0,0,1,0,0,0,0,0,0,0,0,0,0,0,9,1,0,0,0,0,0,0,0,0,2,0,0,0,0,0,0,0,0,0,1,0,0,1,0,0,0,0,0,0,2,0,0,0,0,0,0,0,0,0,0,0,0,0,0,0
2018-08-05,,,4,0,0,1,0,0,0,0,0,0,2,0,14,0,0,0,0,0,1,7,8,4,0,0,0,1,0,0,0,0,0,0,0,0,1,0,0,0,0,0,2,0,0,0,0,0,0,0,0,0,1,1,0,0,0,0,0,0,1,0,1,0,1,0,3,0,0,0,0,2,0,0,0,0,2,0,0,0,0,0,1,0,0,1,0,0,0,0,0,0,0,2,2,0,0,2,0,0,0,0
2018-08-06,2018-08-06,7.690300694,0,0,0,0,0,1,2,0,8,3,0,0,38,0,8,1,0,0,0,13,6,4,0,1,2,0,0,3,2,0,0,0,1,0,2,0,0,1,0,0,0,0,7,1,0,0,0,1,0,1,0,10,0,0,16,20,1,2,1,0,5,4,4,1,3,1,0,0,1,0,4,2,0,0,1,0,0,11,0,1,0,1,0,0,5,3,0,0,0,1,0,7,1,0,4,2,2,0,0,0
2018-08-07,2018-08-07,9.428878658,0,0,1,0,1,0,0,0,8,6,0,0,33,0,1,1,0,0,3,12,1,5,0,0,1,0,0,3,1,0,0,0,3,0,0,2,0,0,0,0,0,0,10,3,0,0,0,1,0,1,0,5,0,0,1,0,1,0,0,0,1,2,7,1,5,3,0,0,8,1,1,0,0,0,1,0,5,3,6,0,0,0,0,1,8,0,0,0,0,2,0,4,0,0,3,2,0,0,0,0
2018-08-08,2018-08-08,7.692333363,0,0,1,0,0,0,0,0,7,0,0,0,10,0,4,2,0,0,0,4,0,0,0,0,3,0,0,0,2,0,1,1,0,0,0,0,0,0,0,0,0,0,3,1,0,1,0,0,0,0,0,8,1,0,1,25,0,1,0,0,0,2,2,0,0,0,2,0,0,0,0,0,0,0,2,0,1,1,0,0,2,1,0,0,0,0,0,0,1,0,0,2,0,0,0,0,2,0,0,0
2018-08-09,2018-08-09,11.09685726,18,3,1,1,3,3,5,3,11,8,3,1,62,5,16,1,3,0,2,29,7,3,6,0,9,2,1,3,1,0,0,0,0,1,0,0,0,1,0,0,0,0,11,1,0,1,1,1,2,3,0,40,0,0,6,7,0,4,2,0,2,4,9,0,9,0,5,1,0,1,1,1,0,0,3,0,9,3,0,4,1,3,0,0,7,4,0,0,4,0,2,2,4,10,2,3,3,0,0,0
2018-08-10,2018-08-10,9.397642156,1,0,4,0,0,0,0,0,4,2,0,0,21,0,6,1,0,0,2,7,1,1,0,1,6,0,0,0,0,0,0,0,0,0,0,5,0,0,1,0,0,0,2,3,0,0,0,0,0,0,1,3,1,0,4,1,7,1,0,0,0,4,0,0,2,0,2,0,0,2,0,0,0,0,1,0,2,3,0,0,0,0,0,0,1,1,0,0,0,0,0,4,1,1,3,10,1,0,0,0
2018-08-11,,,0,0,0,0,0,0,0,0,1,0,0,0,2,0,0,1,0,0,2,0,0,0,0,0,0,0,0,1,0,0,0,0,0,0,0,0,0,0,0,0,0,0,2,1,0,0,0,0,0,0,0,0,0,0,1,2,0,0,0,0,0,0,2,0,1,0,0,0,0,0,0,0,0,0,0,0,1,1,0,0,0,0,0,0,0,1,0,0,0,0,0,1,0,0,0,1,0,0,0,0
2018-08-12,,,0,0,1,0,0,2,0,0,1,0,0,0,1,1,1,0,0,0,3,6,1,6,0,0,2,0,0,2,0,0,0,0,0,0,0,0,0,0,0,0,2,0,0,1,0,0,0,0,0,4,0,5,0,0,5,1,1,2,0,0,0,0,3,0,0,0,0,0,0,0,0,0,0,0,1,0,0,1,0,0,0,1,0,0,0,0,0,0,0,1,0,0,1,1,0,2,1,0,0,0
2018-08-13,2018-08-13,8.65183629,2,0,0,2,1,2,0,1,0,0,0,0,13,0,1,0,0,0,5,3,0,1,0,4,0,0,0,9,0,0,1,0,2,0,0,0,0,0,0,1,9,0,1,0,0,0,1,0,0,1,0,20,0,0,0,0,0,3,1,0,0,0,3,0,0,2,0,1,0,0,0,0,0,1,1,0,2,1,0,0,0,1,0,0,0,1,0,0,0,0,0,2,0,0,0,21,2,1,0,0
2018-08-14,2018-08-14,11.20520701,4,15,1,2,2,1,3,3,4,1,0,0,0,2,3,2,0,0,4,4,0,2,9,0,2,2,0,0,1,0,0,3,0,0,0,0,0,4,0,0,0,0,2,0,0,2,0,3,0,0,0,4,0,0,1,7,0,1,1,0,1,2,4,0,1,2,0,0,0,0,0,0,0,0,1,1,6,11,0,1,0,0,0,0,1,3,0,0,1,0,0,3,2,1,2,3,0,0,0,0
2018-08-15,2018-08-15,13.57060384,21,1,3,4,8,7,0,3,5,15,5,0,20,0,5,23,0,0,7,14,3,0,4,0,4,1,1,3,0,2,3,2,0,0,2,0,0,1,0,0,5,0,2,1,0,2,0,4,1,3,3,18,1,0,0,8,3,4,1,0,1,2,11,1,2,1,3,2,0,0,11,8,0,0,0,0,6,7,0,3,0,0,1,1,0,1,0,0,5,0,2,4,2,2,5,8,4,0,0,0
2018-08-16,2018-08-16,11.67530408,5,9,0,0,1,3,0,0,8,6,0,0,8,0,2,0,1,0,1,6,0,1,0,0,4,1,1,1,0,0,0,0,0,0,2,0,0,0,0,0,1,0,3,0,0,0,0,1,0,2,2,7,0,0,8,18,0,0,0,0,0,4,2,0,2,0,1,0,0,0,8,6,0,0,0,1,3,2,0,1,0,0,1,0,4,2,0,0,0,0,0,3,0,1,1,0,1,0,0,0
2018-08-17,2018-08-17,10.45799574,5,8,3,3,5,8,2,1,7,4,2,1,8,0,3,2,0,0,0,8,0,1,6,0,7,0,0,2,0,2,2,1,0,0,0,0,0,0,0,5,5,0,2,0,0,0,0,2,1,0,0,9,0,0,0,0,0,1,3,0,0,0,0,0,0,0,0,0,0,0,0,0,0,0,3,0,0,7,0,2,0,0,2,0,7,0,0,0,5,0,0,9,2,2,2,0,1,0,10,0
2018-08-19,,,7,0,0,0,1,0,0,2,12,2,0,0,3,2,5,2,0,0,1,3,3,0,0,0,0,0,1,0,0,0,0,0,0,0,2,0,0,0,0,1,0,0,1,1,0,12,0,0,1,0,0,5,0,0,0,0,0,0,0,0,0,3,3,0,0,1,0,0,0,0,13,10,0,0,1,0,1,1,0,0,0,0,0,0,0,0,0,0,2,0,0,1,1,2,2,0,0,0,0,0
2018-08-20,2018-08-20,10.04843791,2,0,1,4,3,3,0,3,3,1,1,0,2,1,3,0,0,0,2,6,0,0,3,0,9,0,2,1,0,3,0,0,0,0,0,0,0,0,0,0,0,0,0,1,0,1,0,7,0,0,2,4,0,0,1,4,0,1,0,0,1,2,3,2,1,0,1,0,0,1,1,1,0,0,0,0,0,2,0,0,0,0,0,0,0,1,0,0,1,0,0,0,1,3,3,1,1,0,0,0
2018-08-21,2018-08-21,12.77703837,1,0,2,0,1,0,0,0,0,0,2,9,7,0,2,0,0,0,1,16,2,0,0,0,1,0,0,1,0,0,0,0,0,0,0,0,0,2,0,0,0,0,1,0,0,1,0,0,0,0,4,3,0,4,2,1,3,1,0,0,0,2,3,0,3,1,0,0,0,0,0,0,0,0,0,0,3,5,0,1,0,1,0,0,0,1,0,0,1,0,0,4,0,0,1,0,2,0,10,0
2018-08-22,2018-08-22,9.889545226,9,0,1,0,0,0,0,0,4,1,0,0,6,0,0,0,0,0,0,9,6,3,0,0,1,0,0,1,0,0,0,0,0,0,1,0,0,0,0,0,0,0,1,0,0,0,0,1,0,11,0,4,0,0,6,0,0,5,1,0,0,0,8,4,6,0,5,1,0,0,0,0,0,0,1,2,5,13,0,0,0,0,0,0,0,2,0,0,1,0,0,0,0,1,0,1,0,0,0,0
2018-08-23,2018-08-23,9.258814992,10,0,0,1,4,0,1,1,8,1,2,0,19,6,4,0,0,0,0,13,3,3,0,0,2,0,1,10,0,0,1,1,1,0,0,0,0,0,0,1,0,0,0,2,0,2,0,3,1,1,0,5,0,0,2,4,2,7,0,1,0,3,7,0,3,1,3,0,0,0,0,0,0,0,2,1,1,3,0,0,0,0,0,0,1,2,0,0,1,0,0,5,0,1,9,3,3,0,0,0
2018-08-24,2018-08-24,9.82787391,13,0,0,2,2,3,0,4,2,2,1,0,6,5,4,1,0,0,1,7,11,1,3,0,1,0,2,4,0,0,0,0,0,0,0,0,0,0,0,0,1,2,1,0,0,9,0,3,0,0,0,2,0,0,1,3,0,6,0,0,1,1,25,2,1,0,0,0,0,3,0,0,0,0,0,6,4,1,0,2,0,0,0,0,2,0,0,0,8,0,0,1,0,2,5,1,5,0,0,0
2018-08-26,,,0,0,0,0,0,0,0,0,1,0,0,0,0,0,1,1,0,0,0,2,0,0,0,0,1,0,0,2,0,0,0,0,0,0,0,0,0,0,0,0,2,0,0,0,0,0,0,0,0,0,0,0,0,0,1,2,0,0,0,0,0,1,0,0,1,0,0,0,0,0,0,0,0,0,0,0,0,0,0,0,0,0,0,0,0,0,0,0,0,0,0,0,0,0,0,0,0,0,0,0
2018-08-27,2018-08-27,7.673852293,5,0,0,0,0,0,0,0,8,2,0,0,11,0,0,4,0,0,2,0,2,0,0,0,0,0,0,3,0,0,0,0,0,0,0,0,0,0,0,0,0,0,0,2,0,0,0,0,0,0,0,2,0,0,2,1,0,0,0,0,0,0,3,0,2,0,1,0,0,0,0,0,0,0,0,0,0,0,0,0,0,0,0,0,1,1,0,0,0,1,0,0,0,0,2,1,0,0,0,0
2018-08-28,2018-08-28,7.597495127,5,0,0,0,1,4,5,2,3,2,0,3,4,0,1,0,0,0,1,4,6,0,2,0,0,0,1,0,0,0,2,1,0,0,0,0,0,1,0,0,0,0,1,1,0,3,0,1,0,1,1,3,0,1,3,7,0,3,0,0,0,0,9,0,1,1,0,0,0,1,0,0,0,0,0,2,3,2,0,0,1,0,0,0,0,1,0,0,1,0,0,2,0,1,1,1,2,0,0,0
2018-08-29,2018-08-29,7.515652088,4,0,10,2,12,3,1,1,39,0,2,0,7,2,0,5,0,0,9,14,2,4,9,0,2,0,1,0,1,0,2,0,0,0,0,0,0,4,1,1,6,1,1,0,1,0,0,0,0,2,0,5,2,0,4,6,0,0,2,0,1,0,3,0,4,0,1,1,0,0,4,4,0,0,1,0,0,3,0,2,0,0,1,0,4,2,0,0,2,0,1,1,0,3,3,2,0,0,0,0
2018-08-30,2018-08-30,5.87504508,1,2,4,0,0,3,0,0,0,2,0,0,4,2,2,2,0,0,3,20,2,2,0,1,2,0,0,4,0,0,0,0,0,0,0,0,0,0,0,0,1,0,2,1,0,0,0,2,0,1,2,12,0,0,12,10,4,0,0,0,4,1,12,0,26,0,6,5,0,0,0,0,0,0,0,2,2,6,0,1,0,0,0,0,2,2,0,0,0,0,0,1,0,5,6,7,0,0,0,0
2018-08-31,2018-08-31,8.619569152,3,0,1,0,1,3,0,2,3,2,1,0,5,0,0,5,7,0,1,17,0,7,0,0,4,0,0,5,0,0,0,0,0,0,0,0,0,0,0,7,0,0,3,1,0,0,0,0,0,4,2,13,0,2,4,0,1,6,1,1,1,0,6,0,1,1,0,4,0,0,1,1,0,0,0,0,6,3,0,0,0,3,0,0,1,2,0,0,1,0,0,1,0,3,2,11,4,0,0,0
2018-09-02,,,0,0,5,0,0,0,0,0,1,1,0,0,2,0,0,0,0,0,1,4,0,1,1,0,0,0,0,1,1,0,0,0,0,1,1,0,0,0,0,1,0,0,1,0,0,0,0,0,0,0,1,7,0,0,0,3,0,0,0,0,0,1,0,0,0,0,0,1,0,0,40,29,0,0,0,0,0,1,0,0,0,0,2,0,0,0,0,0,0,0,0,0,2,0,1,4,0,0,0,0
2018-09-03,,,2,0,2,0,0,1,1,0,0,0,1,0,0,0,2,0,1,0,4,3,1,4,0,0,0,0,0,1,0,0,0,0,0,0,0,0,0,2,0,0,5,0,1,4,0,0,0,3,0,2,2,3,0,1,3,1,2,0,1,0,2,1,0,0,1,2,1,1,0,1,1,1,0,0,1,0,0,5,0,0,0,0,0,1,0,0,0,0,1,0,0,1,0,0,1,7,0,1,0,0
2018-09-04,2018-09-04,10.18157579,1,0,0,0,0,0,0,0,0,1,0,0,2,0,0,0,0,0,0,3,0,0,0,0,4,0,0,0,0,0,0,0,0,0,0,0,0,0,0,0,0,0,1,0,0,0,0,0,0,0,0,0,0,0,0,0,0,0,0,0,0,3,2,0,1,0,0,0,0,0,0,0,0,0,0,0,1,2,0,0,0,0,0,0,0,0,0,0,0,0,0,0,0,0,0,1,0,0,0,0
2018-09-05,2018-09-05,16.97687548,7,1,11,0,1,2,2,1,1,5,1,0,12,4,1,1,0,0,0,9,1,0,4,7,0,0,1,4,2,1,1,0,1,5,1,0,0,0,1,2,0,0,2,0,0,0,4,0,2,2,0,15,1,0,2,8,2,3,1,2,1,3,6,0,1,1,0,1,1,0,3,3,0,1,0,1,4,2,2,0,0,1,0,3,0,4,0,0,0,0,0,4,0,1,3,2,2,3,0,0
2018-09-06,2018-09-06,10.60056008,6,0,1,1,0,0,0,0,3,1,0,0,7,0,1,3,1,0,0,6,5,2,0,0,7,0,0,4,0,0,0,0,0,0,1,0,0,0,0,0,0,0,7,0,0,0,0,2,0,1,0,17,0,0,4,7,1,3,0,0,0,6,3,1,2,0,0,1,0,1,6,5,0,0,0,0,5,9,0,0,0,1,0,0,2,0,0,0,1,0,0,1,0,0,0,0,3,0,0,0
2018-09-07,2018-09-07,11.25239669,2,0,2,0,0,1,2,0,4,1,0,0,15,0,2,1,0,0,0,0,0,3,0,0,0,0,0,1,0,0,0,0,0,0,0,0,0,0,0,1,0,0,0,1,0,0,0,1,0,1,0,7,1,0,0,3,1,1,0,0,1,0,3,0,1,1,12,6,0,0,0,0,0,0,0,0,3,5,0,0,0,0,0,0,0,0,0,0,0,0,0,0,1,1,1,5,2,0,0,0
2018-09-08,,,0,0,0,0,0,0,0,0,0,0,0,0,0,0,0,0,0,0,0,0,0,0,0,0,0,0,0,0,0,0,0,0,0,0,0,0,0,0,0,0,0,0,0,0,0,0,0,0,0,0,0,0,0,0,0,0,0,0,0,0,0,0,0,0,1,0,0,0,0,0,0,0,0,0,0,0,0,3,0,0,0,0,0,0,0,0,0,0,0,0,0,0,0,0,0,0,0,0,0,0
2018-09-09,,,2,0,0,0,0,0,0,0,0,0,0,0,0,0,0,0,0,0,0,8,0,0,0,0,1,0,0,1,0,0,0,0,0,0,0,0,0,0,0,0,0,0,0,0,0,0,0,0,0,2,0,0,0,0,6,0,0,0,0,0,0,0,2,0,8,0,0,0,0,0,1,0,0,0,0,0,0,0,0,0,0,0,0,0,2,0,0,0,0,0,0,3,0,0,0,0,0,0,0,0
2018-09-10,2018-09-10,10.8866614,1,0,0,2,0,0,0,0,0,0,0,0,3,0,1,2,0,0,1,8,0,2,0,0,0,0,0,6,0,0,0,0,1,0,0,0,0,1,0,0,4,0,3,1,0,0,0,1,0,0,0,7,1,0,2,0,0,1,1,0,0,4,4,0,3,0,0,0,0,0,0,0,0,0,0,0,0,3,0,0,1,1,0,0,2,2,0,0,0,0,0,1,1,3,5,1,0,0,0,0
2018-09-11,2018-09-11,8.355785027,0,0,0,0,0,0,0,0,0,0,0,0,1,0,0,6,0,0,1,0,0,0,0,0,0,0,0,0,0,0,0,0,0,3,0,0,0,0,0,0,0,0,3,0,0,0,0,0,0,0,0,11,0,0,6,6,0,4,1,0,0,0,4,0,0,0,1,0,0,0,0,0,0,0,2,0,0,0,0,0,0,0,0,2,0,1,0,0,0,0,0,1,0,0,0,1,4,0,0,0
2018-09-12,2018-09-12,8.61074475,3,0,0,1,0,6,1,0,2,2,0,0,2,0,5,1,0,0,1,11,1,1,1,1,5,0,0,4,1,0,0,0,1,1,0,0,0,0,0,1,2,0,1,3,0,0,1,0,0,5,5,14,1,0,22,3,0,14,0,1,12,6,6,0,1,0,6,1,0,0,1,1,0,0,4,0,5,2,0,1,3,2,1,0,4,2,0,0,0,0,0,4,0,1,1,12,12,0,0,0
2018-09-13,2018-09-13,9.467262913,1,0,0,0,0,1,0,0,1,1,0,0,2,1,0,0,1,0,0,7,3,1,0,1,1,0,0,3,0,0,1,0,0,0,0,0,0,0,0,1,1,0,1,4,0,0,0,5,0,2,1,11,0,0,10,9,0,0,0,0,2,11,0,0,7,5,5,0,0,1,0,0,0,0,1,2,0,6,0,0,0,1,0,0,0,3,0,0,0,0,0,0,0,0,5,1,1,0,0,0
2018-09-14,2018-09-14,8.581541832,0,0,0,0,0,0,0,0,1,1,0,0,1,0,1,0,0,0,1,4,0,1,0,1,0,0,0,0,0,0,0,0,0,0,0,0,0,0,0,0,0,0,1,0,0,0,0,0,0,3,0,4,0,0,9,9,0,2,0,0,0,1,2,0,2,0,0,0,0,0,0,0,0,0,3,0,0,1,0,1,0,2,0,0,0,0,0,0,0,0,0,1,1,4,0,6,2,0,0,0
2018-09-16,,,3,0,0,1,0,0,0,0,2,0,0,0,2,2,1,0,0,0,0,3,3,0,0,0,0,0,0,3,0,0,0,0,0,0,0,0,0,0,0,0,1,0,1,0,0,0,0,0,0,0,0,1,0,0,3,3,0,0,1,0,1,0,2,0,1,0,0,0,0,0,1,1,0,0,0,0,0,1,0,0,0,0,0,0,0,0,0,0,2,0,0,2,0,0,0,0,0,0,0,0
2018-09-17,2018-09-17,9.247997287,1,0,0,0,1,0,0,2,1,1,0,0,10,0,1,2,0,0,0,8,0,0,0,1,0,0,0,2,0,0,0,0,0,1,0,0,0,0,0,0,2,0,3,2,2,0,0,0,0,2,0,11,0,0,2,6,2,3,0,0,0,0,3,0,0,0,2,0,0,0,0,0,0,0,3,0,1,4,0,0,0,0,0,0,3,1,0,0,0,0,0,0,0,1,2,7,2,0,0,0
2018-09-18,2018-09-18,9.598963187,7,0,0,0,1,4,0,1,1,0,3,0,4,0,2,0,0,0,2,5,4,5,0,3,7,0,1,7,1,0,1,0,1,0,2,0,0,1,0,0,0,0,4,1,0,0,4,1,1,5,0,19,0,0,1,16,0,2,0,2,1,5,8,0,9,4,4,3,0,3,0,0,0,0,1,2,0,8,0,2,0,1,0,1,4,1,0,0,0,0,0,4,3,1,3,10,0,0,0,0
2018-09-19,2018-09-19,7.469724959,14,3,1,0,3,0,1,1,0,5,1,0,1,6,2,1,1,0,0,12,3,5,1,2,0,0,0,6,0,0,1,0,1,1,2,0,0,1,0,1,0,0,0,3,0,0,0,0,3,8,1,11,0,0,5,11,0,6,3,0,1,1,11,1,20,1,2,2,0,0,0,0,0,0,1,0,0,3,0,0,0,0,0,0,2,5,0,0,1,0,0,0,0,6,1,1,2,0,0,0
2018-09-20,2018-09-20,8.528209051,11,0,0,2,6,0,7,3,5,5,3,0,8,10,1,1,1,0,2,23,1,2,2,0,6,1,2,10,1,0,1,3,0,2,3,0,0,0,0,0,1,0,3,2,0,0,1,3,2,3,1,4,0,0,3,16,1,2,1,0,3,2,12,1,5,10,1,1,0,0,0,0,0,0,4,0,1,5,0,3,1,3,0,0,0,6,0,0,0,0,0,3,0,2,2,20,2,0,0,0
2018-09-21,2018-09-21,30.91528527,11,5,1,3,2,2,4,6,5,2,2,0,12,2,4,1,1,0,8,16,6,3,7,0,10,0,1,2,3,0,0,0,0,0,0,0,0,0,1,0,3,0,4,5,3,5,0,4,5,2,1,10,0,0,2,1,2,6,0,0,2,10,13,0,5,0,2,1,0,4,4,4,0,0,0,3,1,3,0,2,0,0,0,1,1,2,0,0,5,0,0,2,1,1,4,2,0,0,0,0
2018-09-23,,,1,0,0,0,0,0,0,0,1,2,0,0,0,0,0,0,0,0,0,0,0,0,0,0,0,0,0,0,0,0,0,0,0,0,0,0,0,0,0,0,0,0,0,0,0,0,0,1,0,0,0,8,0,0,0,0,0,0,0,0,0,0,0,0,0,0,0,0,0,0,0,0,0,0,0,0,0,5,0,0,0,0,0,0,0,2,0,0,5,0,0,0,0,0,0,0,0,0,0,0
2018-09-24,2018-09-24,11.39808033,3,0,1,2,0,5,0,0,15,8,1,1,1,0,1,6,1,0,11,15,6,6,1,6,9,1,0,13,1,0,0,0,0,3,0,0,0,1,0,1,8,0,6,8,0,1,3,13,0,13,2,15,2,1,25,24,19,4,1,0,1,4,43,1,12,16,2,4,0,0,7,5,0,0,4,0,5,9,0,2,3,4,0,0,4,7,0,0,6,1,0,4,3,5,6,12,2,0,45,0
2018-09-25,2018-09-25,7.539572735,1,0,0,0,0,2,0,0,0,4,0,0,1,0,2,2,0,0,2,8,1,4,0,1,0,0,0,5,0,0,0,0,0,2,1,0,0,1,1,0,5,0,1,1,0,0,0,0,0,4,3,2,0,0,4,5,0,6,0,1,2,5,3,0,2,1,0,2,0,0,0,0,0,0,0,0,2,3,0,0,0,0,0,0,1,2,0,0,0,0,0,2,1,1,1,11,5,0,0,0
2018-09-26,2018-09-26,7.652493185,1,0,9,1,0,0,1,0,2,9,2,0,66,1,3,0,12,0,9,12,2,7,1,0,1,0,0,21,0,0,0,1,0,0,2,1,0,0,1,2,14,0,15,4,0,0,0,9,0,4,5,25,5,0,14,19,10,3,4,0,2,1,22,0,7,2,0,3,0,1,2,2,0,0,2,0,1,8,0,1,1,0,3,1,5,5,0,0,1,0,0,8,3,10,1,7,2,0,0,0
2018-09-27,2018-09-27,5.465495757,2,3,0,0,0,2,1,1,1,0,0,0,5,0,2,1,1,0,1,7,0,4,1,0,3,0,0,7,0,0,0,1,0,2,0,0,0,1,0,0,2,0,3,0,0,0,0,1,0,1,1,2,0,1,22,27,1,0,1,1,0,0,5,0,4,4,0,0,0,0,0,0,0,0,4,0,3,8,0,1,0,2,0,0,2,3,0,0,1,0,0,3,1,3,1,1,0,2,1,0
2018-09-28,2018-09-28,10.85607432,11,0,0,1,0,1,0,0,0,0,2,0,2,1,4,0,0,0,1,10,0,3,0,0,1,0,0,1,0,0,2,0,0,1,0,0,0,1,3,0,0,0,5,1,0,0,1,1,0,1,0,8,0,1,1,0,0,1,1,1,0,4,4,1,6,0,0,0,0,0,4,4,0,0,1,0,0,8,0,0,1,1,0,1,4,0,0,0,0,0,0,3,0,0,2,0,0,0,0,0
2018-09-29,,,0,0,0,0,0,0,0,0,0,0,1,0,2,0,1,4,0,0,1,2,0,0,0,0,0,0,0,0,0,0,0,0,0,0,0,0,0,0,0,0,0,0,0,0,0,0,0,0,0,0,0,2,0,0,14,11,0,1,0,0,0,4,0,0,0,0,2,0,0,0,0,0,0,0,2,0,1,1,0,0,0,2,0,0,1,0,0,0,0,0,0,2,0,0,0,3,0,0,0,0
Grand Total,,,1503,339,704,363,594,635,508,237,1071,996,305,105,5756,414,829,652,276,1,761,3548,855,693,475,184,981,76,198,1092,207,53,132,196,124,246,311,45,9,213,109,186,643,4,853,440,26,195,108,597,155,675,320,3222,121,111,1689,2866,621,579,269,136,294,1008,1580,93,943,363,827,311,83,162,744,600,25,34,289,180,823,1505,42,200,120,184,142,156,476,668,28,19,443,75,61,707,270,512,837,1426,521,48,122,3
